index_left,type,id,lat,lon,tags_addr:city,tags_shop,tags_name,geometry
0,node,663072765,40.7573031,-73.9778626,New York,clothes,Ted Baker,POINT (-73.97786259999999 40.7573031)
1,node,663084339,40.7535383,-73.9805923,,clothes,H&M,POINT (-73.9805923 40.7535383)
2,node,663084489,40.7537116,-73.9809753,,clothes,Zara,POINT (-73.9809753 40.7537116)
3,node,663084655,40.752592,-73.981337,,clothes,Sean John,POINT (-73.981337 40.752592)
4,node,663099014,40.7494827,-73.9876565,,clothes,Gap,POINT (-73.9876565 40.7494827)
5,node,663099091,40.7498689,-73.9873935,,clothes,Victoria's Secret,POINT (-73.9873935 40.7498689)
6,node,663100566,40.7506751,-73.9904577,,clothes,H&M,POINT (-73.99045769999999 40.7506751)
7,node,663387602,40.7529683,-73.9926431,,clothes,Mr Joe,POINT (-73.9926431 40.7529683)
8,node,886397016,40.7286931,-73.9936998,,clothes,American Apparel,POINT (-73.9936998 40.7286931)
9,node,886403236,40.7285264,-73.9938554,,clothes,Le Chateau,POINT (-73.9938554 40.7285264)
10,node,886530236,40.728438,-73.9939449,,clothes,French Connection,POINT (-73.9939449 40.728438)
11,node,886706963,40.7271383,-73.9956087,,clothes,Blades,POINT (-73.99560870000001 40.7271383)
12,node,886727545,40.7270937,-73.9956618,,clothes,Roni,POINT (-73.99566179999999 40.7270937)
13,node,999526099,40.7688194,-73.982397,,clothes,Pink,POINT (-73.98239700000001 40.7688194)
14,node,999526135,40.7743637,-73.9818822,New York,clothes,Banana Republic,POINT (-73.9818822 40.7743637)
15,node,1001284305,40.7223219,-73.9996236,,clothes,Zara,POINT (-73.99962360000001 40.7223219)
16,node,1095171630,40.676586,-73.980541,,clothes,Brooklyn Industries,POINT (-73.980541 40.676586)
17,node,1095174326,40.6768935,-73.9799625,Brooklyn,clothes,Something Else On Fifth,POINT (-73.9799625 40.6768935)
18,node,1221726034,40.7624997,-73.9745885,,clothes,Abercrombie & Fitch,POINT (-73.9745885 40.7624997)
19,node,1241281004,40.7235022,-73.998176,New York City,clothes,Uniqlo,POINT (-73.998176 40.7235022)
20,node,1297481119,40.7410284,-73.9936701,,clothes,Limelight Marketplace,POINT (-73.9936701 40.7410284)
21,node,1297627766,40.7236731,-73.9946151,,clothes,Second Time Around,POINT (-73.9946151 40.7236731)
22,node,1297629339,40.7276373,-73.9935441,,clothes,Screaming Mimi's,POINT (-73.99354409999999 40.7276373)
23,node,1297646235,40.7264713,-73.9958858,,clothes,Nom de Guerre,POINT (-73.9958858 40.7264713)
24,node,1297659439,40.7424388,-74.00084,New York,clothes,Brooklyn Industries,POINT (-74.00084 40.7424388)
25,node,1297660939,40.7413644,-73.9989975,,clothes,Barney's Co-op,POINT (-73.9989975 40.7413644)
26,node,1297673491,40.7199877,-73.9568654,,clothes,Peachfrog,POINT (-73.9568654 40.7199877)
27,node,1297677920,40.7265442,-73.9958164,,clothes,Atrium,POINT (-73.9958164 40.7265442)
28,node,1374840995,40.8408201,-73.7133166,,clothes,Time and Again,POINT (-73.7133166 40.8408201)
29,node,1378899236,40.7221884,-74.0009428,New York,clothes,Suit Supply,POINT (-74.0009428 40.7221884)
30,node,1378899289,40.7215489,-73.999866,,clothes,J. Crew Mens Shop,POINT (-73.999866 40.7215489)
31,node,1378899321,40.721629,-73.9998023,,clothes,Madewell,POINT (-73.9998023 40.721629)
32,node,1378899355,40.721563,-74.0002642,,clothes,lululemon athletica,POINT (-74.0002642 40.721563)
33,node,1383919199,40.7671848,-73.9823,,clothes,TJ Maxx,POINT (-73.9823 40.7671848)
34,node,1383950274,40.7663468,-73.9824049,,clothes,Gap,POINT (-73.98240490000001 40.7663468)
35,node,1413105218,40.7537134,-73.9914496,,clothes,Selini Neckwear Inc.,POINT (-73.9914496 40.7537134)
36,node,1426255500,40.7573131,-73.9863236,,clothes,Levi's,POINT (-73.98632360000001 40.7573131)
37,node,1427521107,40.7498546,-73.9833154,,clothes,Yankees,POINT (-73.9833154 40.7498546)
38,node,1428036380,40.7542617,-73.9800487,,clothes,Urban Outfitters,POINT (-73.9800487 40.7542617)
39,node,1428036407,40.7547407,-73.9802522,,clothes,Orvis,POINT (-73.9802522 40.7547407)
40,node,1428036417,40.755043,-73.9795009,,clothes,Barami,POINT (-73.97950090000001 40.755043)
41,node,1428036430,40.7564207,-73.9784981,,clothes,Guess,POINT (-73.9784981 40.7564207)
42,node,1428036585,40.7554348,-73.977162,,clothes,Charles Tyrwhitt,POINT (-73.97716200000001 40.7554348)
43,node,1428036605,40.7555641,-73.9774674,,clothes,Men's Wear,POINT (-73.97746739999999 40.7555641)
44,node,1428036618,40.7552783,-73.977656,,clothes,,POINT (-73.977656 40.7552783)
45,node,1428036640,40.7551081,-73.9778087,New York,clothes,My.Suit,POINT (-73.9778087 40.7551081)
46,node,1428427551,40.7545229,-73.9778087,,clothes,J.Crew,POINT (-73.9778087 40.7545229)
47,node,1428427558,40.7585649,-73.9748533,,clothes,Express,POINT (-73.97485330000001 40.7585649)
48,node,1428427559,40.7589868,-73.975024,,clothes,,POINT (-73.975024 40.7589868)
49,node,1428427565,40.761305,-73.9749414,New York,clothes,Bottega Veneta,POINT (-73.97494140000001 40.761305)
50,node,1428427566,40.7611097,-73.9751048,,clothes,Zara,POINT (-73.9751048 40.7611097)
51,node,1428427567,40.7608348,-73.9752495,,clothes,Diesel,POINT (-73.9752495 40.7608348)
52,node,1428427568,40.7610186,-73.9756542,,clothes,Gap,POINT (-73.97565419999999 40.7610186)
53,node,1428427569,40.7606835,-73.9753997,New York,clothes,Tommy Hilfiger,POINT (-73.9753997 40.7606835)
54,node,1428427570,40.7605888,-73.9754724,New York,clothes,Fendi,POINT (-73.9754724 40.7605888)
55,node,1428427571,40.7602252,-73.9757516,,clothes,ST. John,POINT (-73.9757516 40.7602252)
56,node,1428427572,40.7594699,-73.9762996,New York,clothes,Versace,POINT (-73.9762996 40.7594699)
57,node,1428427573,40.75944,-73.9768001,New York,clothes,Victoria’s Secret,POINT (-73.97680010000001 40.75944)
58,node,1596628497,40.7188243,-73.9568355,,clothes,Jumelle,POINT (-73.9568355 40.7188243)
59,node,1608795907,40.725998,-73.99596,New York City,clothes,Urban Outfitters,POINT (-73.99596 40.725998)
60,node,1655435369,40.7626496,-73.9728051,New York,clothes,CHANEL Boutique,POINT (-73.9728051 40.7626496)
61,node,1669534157,40.7743961,-73.9825581,New York,clothes,Zara,POINT (-73.98255810000001 40.7743961)
62,node,1697755054,40.7260644,-74.2327604,,clothes,Family Dollar,POINT (-74.2327604 40.7260644)
63,node,1865211622,40.7227019,-73.9486177,Brooklyn,clothes,Caribou Baby,POINT (-73.9486177 40.7227019)
64,node,1899033649,40.7213106,-73.9966185,,clothes,Paul Frank Store,POINT (-73.9966185 40.7213106)
65,node,1979669266,40.7245553,-73.9959859,,clothes,Benetton,POINT (-73.99598589999999 40.7245553)
66,node,1979669272,40.7139965,-73.9602935,,clothes,Bird,POINT (-73.96029350000001 40.7139965)
67,node,2041169440,40.8732378,-73.9087363,,clothes,Marshalls,POINT (-73.9087363 40.8732378)
68,node,2041169450,40.8734602,-73.9079897,,clothes,The Childrens Place,POINT (-73.9079897 40.8734602)
69,node,2045635523,40.7391221,-73.9899925,New York,clothes,Brooks Brothers,POINT (-73.9899925 40.7391221)
70,node,2091641952,40.7963714,-73.9702087,,clothes,Brooklyn Industries,POINT (-73.9702087 40.7963714)
71,node,2159762088,40.5083876,-74.2666531,,clothes,Margarita's Clothing Warehouse Outlet,POINT (-74.2666531 40.5083876)
72,node,2159762428,40.5083223,-74.2663956,,clothes,Dress Express,POINT (-74.2663956 40.5083223)
73,node,2159772849,40.5082032,-74.2673847,,clothes,Kids City,POINT (-74.26738469999999 40.5082032)
74,node,2159773832,40.508284,-74.2675182,,clothes,Pretty Girl,POINT (-74.2675182 40.508284)
75,node,2159782724,40.508496,-74.2669603,,clothes,Bargain Man,POINT (-74.26696029999999 40.508496)
76,node,2183010454,40.7059955,-74.0111464,,clothes,Indochino,POINT (-74.0111464 40.7059955)
77,node,2183010466,40.7064078,-74.010896,,clothes,Hermes Paris,POINT (-74.010896 40.7064078)
78,node,2183010477,40.7062677,-74.0114417,,clothes,My.Suit,POINT (-74.01144170000001 40.7062677)
79,node,2187916505,40.7142539,-73.9603806,,clothes,Le Grand Strip,POINT (-73.96038059999999 40.7142539)
80,node,2196783231,40.789196,-73.9761486,New York,clothes,Brooks Brothers,POINT (-73.9761486 40.789196)
81,node,2196783232,40.7887124,-73.9757412,New York,clothes,Club Monaco,POINT (-73.9757412 40.7887124)
82,node,2238282051,40.7792448,-73.9601917,,clothes,Gymboree,POINT (-73.9601917 40.7792448)
83,node,2268954021,40.7297112,-73.9581926,,clothes,In God We Trust,POINT (-73.9581926 40.7297112)
84,node,2268954141,40.7296848,-73.9574215,,clothes,Alter,POINT (-73.9574215 40.7296848)
85,node,2275473042,40.7311503,-73.9576694,,clothes,Raised By Wolves,POINT (-73.9576694 40.7311503)
86,node,2275474824,40.7301625,-73.9575111,,clothes,Dalaga,POINT (-73.9575111 40.7301625)
87,node,2275977894,40.7593322,-73.9917156,,clothes,American Apparel,POINT (-73.99171560000001 40.7593322)
88,node,2279563305,40.7348213,-73.9914286,,clothes,Forever 21,POINT (-73.99142860000001 40.7348213)
89,node,2287666019,40.6092891,-73.9586454,,clothes,TJ Maxx,POINT (-73.95864539999999 40.6092891)
90,node,2302679639,40.5997561,-73.9463899,,clothes,Downtown,POINT (-73.9463899 40.5997561)
91,node,2309556620,40.7741291,-73.9634951,New York,clothes,Il Gufo,POINT (-73.9634951 40.7741291)
92,node,2321673301,40.5933317,-74.0012109,,clothes,Babies R Us,POINT (-74.0012109 40.5933317)
93,node,2322298893,40.6949579,-73.9943783,Brooklyn,clothes,Loft,POINT (-73.99437829999999 40.6949579)
94,node,2328223913,40.7390507,-73.9958355,,clothes,Dave's,POINT (-73.9958355 40.7390507)
95,node,2345795301,40.7885846,-73.9766713,New York,clothes,Banana Republic,POINT (-73.97667130000001 40.7885846)
96,node,2377128138,40.7416558,-74.0014092,,clothes,Camouflage,POINT (-74.0014092 40.7416558)
97,node,2385678944,40.8878011,-74.2589359,Wayne,clothes,Old Navy,POINT (-74.2589359 40.8878011)
98,node,2385911373,40.9161695,-74.077013,,clothes,Forever 21,POINT (-74.07701299999999 40.9161695)
99,node,2385911448,40.9177741,-74.0777069,,clothes,Neiman Marcus,POINT (-74.0777069 40.9177741)
100,node,2385911625,40.9198544,-74.0755457,,clothes,Nordstrom,POINT (-74.07554570000001 40.9198544)
101,node,2385911667,40.9193452,-74.0773906,,clothes,Lord & Taylor,POINT (-74.0773906 40.9193452)
102,node,2439964743,40.7839036,-73.9742211,,clothes,Greenstones,POINT (-73.97422109999999 40.7839036)
103,node,2459993325,40.7387516,-73.9918721,,clothes,Express,POINT (-73.99187209999999 40.7387516)
104,node,2459993336,40.7385911,-73.9914858,,clothes,H&M,POINT (-73.99148580000001 40.7385911)
105,node,2476853871,40.8978065,-74.2391057,,clothes,Marshalls,POINT (-74.2391057 40.8978065)
106,node,2476854043,40.8955997,-74.231857,,clothes,Avenue,POINT (-74.23185700000001 40.8955997)
107,node,2476854085,40.8935311,-74.2313047,,clothes,Men's Wearhouse,POINT (-74.2313047 40.8935311)
108,node,2478897579,40.7395921,-73.9949579,,clothes,Old Navy,POINT (-73.9949579 40.7395921)
109,node,2494077220,40.6949872,-73.9960982,,clothes,J. McLaughlin,POINT (-73.99609820000001 40.6949872)
110,node,2494203003,40.6920814,-73.991377,,clothes,Eyvette Boutique,POINT (-73.991377 40.6920814)
111,node,2494224921,40.6389182,-74.0759622,,clothes,Everything goes clothing,POINT (-74.07596220000001 40.6389182)
112,node,2501565260,40.7603559,-73.9762428,New York,clothes,Uniqlo,POINT (-73.97624279999999 40.7603559)
113,node,2501569532,40.7427568,-73.9931885,,clothes,Burlington Coat Factory,POINT (-73.9931885 40.7427568)
114,node,2523439964,40.7748263,-73.9819035,New York,clothes,GAP,POINT (-73.9819035 40.7748263)
115,node,2523787357,40.6891698,-73.9928024,,clothes,Splendid,POINT (-73.9928024 40.6891698)
116,node,2523787365,40.6885328,-73.9931239,Brooklyn,clothes,Rag & Bone,POINT (-73.9931239 40.6885328)
117,node,2527401773,40.8858469,-74.2122133,,clothes,Kohl's,POINT (-74.2122133 40.8858469)
118,node,2539225249,40.7864235,-73.9777076,New York,clothes,Chico's,POINT (-73.9777076 40.7864235)
119,node,2545250058,40.5979937,-74.0826104,Staten Island,clothes,Z & K Police Equipment & Uniforms Inc,POINT (-74.08261039999999 40.5979937)
120,node,2546985617,40.7298359,-73.992872,,clothes,Lids,POINT (-73.99287200000001 40.7298359)
121,node,2547036407,40.7265924,-73.9956041,,clothes,KITH NYC,POINT (-73.99560409999999 40.7265924)
122,node,2547149208,40.7322489,-73.9914862,,clothes,the Bag House,POINT (-73.9914862 40.7322489)
123,node,2547218174,40.7302176,-73.9831773,,clothes,No Relation Vintage,POINT (-73.98317729999999 40.7302176)
124,node,2547223573,40.7252534,-74.0003358,,clothes,Barbour,POINT (-74.0003358 40.7252534)
125,node,2547223609,40.7239419,-74.0008746,,clothes,Mulberry,POINT (-74.0008746 40.7239419)
126,node,2547223663,40.7237412,-74.0024413,,clothes,RRL,POINT (-74.0024413 40.7237412)
127,node,2547224088,40.7233418,-74.0027829,,clothes,Badichi,POINT (-74.0027829 40.7233418)
128,node,2547241541,40.7221932,-73.9992705,,clothes,The north face,POINT (-73.99927049999999 40.7221932)
129,node,2547241668,40.7224579,-73.9990986,,clothes,Allsaints Spitalfields,POINT (-73.9990986 40.7224579)
130,node,2547241734,40.7226575,-73.9977783,,clothes,aerie,POINT (-73.99777829999999 40.7226575)
131,node,2547241745,40.7227912,-73.9980837,,clothes,MUJI at MoMA,POINT (-73.9980837 40.7227912)
132,node,2549896908,40.6883507,-73.9934137,,clothes,Picnic,POINT (-73.9934137 40.6883507)
133,node,2550059710,40.6809947,-73.9775234,,clothes,Eleven Consignment Boutique,POINT (-73.9775234 40.6809947)
134,node,2550112109,40.7099853,-73.7943599,Jamaica,clothes,Chahat Couture,POINT (-73.7943599 40.7099853)
135,node,2550112135,40.7112492,-73.7910634,Jamaica,clothes,Disha Collections Inc.,POINT (-73.7910634 40.7112492)
136,node,2550112963,40.7772818,-73.9791591,New York,clothes,Olive & Bettes,POINT (-73.9791591 40.7772818)
137,node,2550112964,40.7768526,-73.978968,New York,clothes,Paige Denim,POINT (-73.97896799999999 40.7768526)
138,node,2550112966,40.7750847,-73.9807486,New York,clothes,Rag & Bone,POINT (-73.9807486 40.7750847)
139,node,2550112968,40.7754914,-73.979928,,clothes,Theory,POINT (-73.979928 40.7754914)
140,node,2550585167,40.6674456,-73.9881853,,clothes,Factory Outlet,POINT (-73.9881853 40.6674456)
141,node,2550589935,40.6669587,-73.9879436,,clothes,Mandee,POINT (-73.98794359999999 40.6669587)
142,node,2552858618,40.5766271,-73.9654324,,clothes,Sunduchok,POINT (-73.9654324 40.5766271)
143,node,2553515513,40.7129672,-73.7818438,Jamaica,clothes,Party World,POINT (-73.7818438 40.7129672)
144,node,2553515522,40.7128508,-73.7823463,Jamaica,clothes,Maya's Services,POINT (-73.7823463 40.7128508)
145,node,2553978256,40.7625328,-73.9734538,,clothes,Niketown,POINT (-73.9734538 40.7625328)
146,node,2555137414,40.7361031,-73.9912209,,clothes,AEO & Aerie Store,POINT (-73.9912209 40.7361031)
147,node,2555210839,40.7141409,-73.9801825,New York,clothes,fdcincshop,POINT (-73.9801825 40.7141409)
148,node,2562069627,40.660331,-73.980014,,clothes,Black Bear,POINT (-73.980014 40.660331)
149,node,2563025342,40.6007081,-73.9412248,Brooklyn,clothes,Mandee,POINT (-73.9412248 40.6007081)
150,node,2563152868,40.6181155,-73.9579433,Brooklyn,clothes,The Fitting Room,POINT (-73.9579433 40.6181155)
151,node,2563512927,40.6462183,-73.9582701,,clothes,Gap Outlet,POINT (-73.95827009999999 40.6462183)
152,node,2568849022,40.6774292,-73.9728758,,clothes,GITI Fasion,POINT (-73.9728758 40.6774292)
153,node,2569492700,40.7520287,-73.9901051,New York,clothes,Lee Jean Corp,POINT (-73.99010509999999 40.7520287)
154,node,2572411283,40.7232113,-73.9994594,,clothes,Ben Sherman,POINT (-73.99945940000001 40.7232113)
155,node,2573952303,40.7962468,-73.9710051,New York,clothes,Variazioni,POINT (-73.9710051 40.7962468)
156,node,2592264890,40.7407108,-74.0015495,New York,clothes,Mardana,POINT (-74.0015495 40.7407108)
157,node,2601850441,40.7418051,-74.0049865,New York City,clothes,Anthropologie,POINT (-74.0049865 40.7418051)
158,node,2610440244,40.7556334,-73.9869331,,clothes,Loft,POINT (-73.9869331 40.7556334)
159,node,2611479030,40.730985,-73.9830637,,clothes,Gabay's,POINT (-73.9830637 40.730985)
160,node,2611782750,40.7602642,-73.9798528,,clothes,Brooks Brothers,POINT (-73.9798528 40.7602642)
161,node,2613887631,40.7588653,-73.9854906,New York,clothes,American Eagle Outfitters & Aerie,POINT (-73.98549060000001 40.7588653)
162,node,2620513869,40.7791885,-73.9553419,,clothes,H&M,POINT (-73.95534189999999 40.7791885)
163,node,2623014547,40.7692754,-73.9612325,,clothes,Anthropologie,POINT (-73.96123249999999 40.7692754)
164,node,2632291772,40.7081878,-73.8690473,queens,clothes,White House Black Market,POINT (-73.86904730000001 40.7081878)
165,node,2662232019,40.8002345,-73.9676937,,clothes,Steps,POINT (-73.9676937 40.8002345)
166,node,2689416402,40.757897,-73.9779383,,clothes,Lacoste,POINT (-73.97793830000001 40.757897)
167,node,2705025437,40.737117,-73.9967401,,clothes,Urban Outfitters,POINT (-73.9967401 40.737117)
168,node,2705028934,40.72076,-73.8460175,Forest Hills,clothes,Loft,POINT (-73.8460175 40.72076)
169,node,2705030229,40.6746154,-73.9566893,Brooklyn,clothes,Calabar Imports,POINT (-73.95668929999999 40.6746154)
170,node,2705030253,40.6738392,-73.9569786,Brooklyn,clothes,Stork,POINT (-73.9569786 40.6738392)
171,node,2710082445,40.7692513,-73.9826487,New York,clothes,American Apparel,POINT (-73.9826487 40.7692513)
172,node,2711422075,40.749007,-73.9894016,,clothes,Aeropostale,POINT (-73.98940159999999 40.749007)
173,node,2711422079,40.7487516,-73.9888481,,clothes,Afaze,POINT (-73.9888481 40.7487516)
174,node,2711422086,40.7489117,-73.9891777,,clothes,City Streets,POINT (-73.9891777 40.7489117)
175,node,2711422089,40.7492014,-73.9889236,,clothes,Express,POINT (-73.98892360000001 40.7492014)
176,node,2711422104,40.7493481,-73.9892431,,clothes,Lids,POINT (-73.9892431 40.7493481)
177,node,2711422106,40.749127,-73.989701,,clothes,P.S. by Aero,POINT (-73.989701 40.749127)
178,node,2711422116,40.7494454,-73.9894897,,clothes,Strawberry,POINT (-73.98948969999999 40.7494454)
179,node,2711422119,40.7494835,-73.9896784,,clothes,Strawberry,POINT (-73.9896784 40.7494835)
180,node,2711422122,40.7493882,-73.9893538,,clothes,Top Gun Leather,POINT (-73.9893538 40.7493882)
181,node,2711422128,40.749392,-73.9898746,,clothes,Victoria's Secret,POINT (-73.98987459999999 40.749392)
182,node,2714977982,40.752067,-73.9820787,New York,clothes,Lord & Taylor,POINT (-73.9820787 40.752067)
183,node,2717543451,40.7570579,-73.9780558,New York,clothes,H&M,POINT (-73.97805580000001 40.7570579)
184,node,2717543476,40.7595169,-73.9798221,,clothes,Gallerie Saint Gui,POINT (-73.97982210000001 40.7595169)
185,node,2718017517,40.7615638,-73.9688483,New York,clothes,Aerie,POINT (-73.9688483 40.7615638)
186,node,2718050581,40.7634609,-73.9669643,New York,clothes,La Boutique Designer resale,POINT (-73.9669643 40.7634609)
187,node,2723918792,40.7714825,-73.9654692,New York,clothes,Ralph Lauren,POINT (-73.9654692 40.7714825)
188,node,2744875779,40.7722154,-73.9818926,,clothes,lululemon athletica,POINT (-73.98189259999999 40.7722154)
189,node,2744875794,40.7727209,-73.9819082,,clothes,Brooks Brothers,POINT (-73.98190820000001 40.7727209)
190,node,2744965206,40.77456,-73.981102,,clothes,Burberry Brit,POINT (-73.98110200000001 40.77456)
191,node,2767432738,40.8103269,-73.952104,,clothes,Old Navy,POINT (-73.95210400000001 40.8103269)
192,node,2774949526,40.75822,-73.9851207,New York,clothes,Forever 21,POINT (-73.9851207 40.75822)
193,node,2782255478,40.7097619,-73.9622241,,clothes,Brooklyn Industries,POINT (-73.9622241 40.7097619)
194,node,2782255516,40.7084142,-73.9574901,,clothes,,POINT (-73.9574901 40.7084142)
195,node,2791376506,40.8944005,-74.2373503,,clothes,Casual Male XL,POINT (-74.2373503 40.8944005)
196,node,2823604796,40.838568,-74.1555824,,clothes,Coldwater Creek,POINT (-74.1555824 40.838568)
197,node,2823612564,40.8360703,-74.150068,,clothes,Annie Sez,POINT (-74.150068 40.8360703)
198,node,2823640707,40.8305323,-74.1380179,,clothes,Lane Bryant,POINT (-74.13801789999999 40.8305323)
199,node,2828209143,40.7033553,-73.7997958,Jamaica,clothes,K&G Fashion Superstore,POINT (-73.7997958 40.7033553)
200,node,2828209145,40.7034152,-73.799642,Jamaica,clothes,Old Navy,POINT (-73.79964200000001 40.7034152)
201,node,2830296957,40.9181115,-74.0754175,,clothes,Banana Republic,POINT (-74.0754175 40.9181115)
202,node,2830338979,40.9189968,-74.0758554,,clothes,Aeropostale,POINT (-74.07585539999999 40.9189968)
203,node,2830338980,40.9191496,-74.0757463,,clothes,Gap,POINT (-74.07574630000001 40.9191496)
204,node,2830338981,40.9189811,-74.075275,,clothes,Hollister,POINT (-74.075275 40.9189811)
205,node,2830338982,40.9184215,-74.0753772,,clothes,Coach,POINT (-74.07537720000001 40.9184215)
206,node,2830338983,40.9189929,-74.0746778,,clothes,Uniqlo,POINT (-74.0746778 40.9189929)
207,node,2830340850,40.9181984,-74.0760015,,clothes,Tommy Hilfiger,POINT (-74.0760015 40.9181984)
208,node,2830340851,40.917834,-74.0761607,,clothes,Abercrombie & Fitch,POINT (-74.0761607 40.917834)
209,node,2830358039,40.9167472,-74.077417,,clothes,Urban Outfitters,POINT (-74.077417 40.9167472)
210,node,2830358043,40.9168369,-74.0767525,,clothes,The Children's Place,POINT (-74.0767525 40.9168369)
211,node,2830358044,40.9171341,-74.0767151,,clothes,American Apparel,POINT (-74.0767151 40.9171341)
212,node,2830358045,40.9181754,-74.0766979,,clothes,H&M,POINT (-74.0766979 40.9181754)
213,node,2830358046,40.9191038,-74.0763506,,clothes,J Crew,POINT (-74.0763506 40.9191038)
214,node,2830358048,40.9177893,-74.0768616,,clothes,Victoria's Secret,POINT (-74.0768616 40.9177893)
215,node,2830358049,40.917466,-74.0768759,,clothes,Gucci,POINT (-74.0768759 40.917466)
216,node,2830358050,40.9180105,-74.077295,,clothes,Louis Vuitton,POINT (-74.07729500000001 40.9180105)
217,node,2830358051,40.9183164,-74.077206,,clothes,Tommy Bahama,POINT (-74.077206 40.9183164)
218,node,2830358052,40.917978,-74.0767209,,clothes,Anthropologie,POINT (-74.0767209 40.917978)
219,node,2830358053,40.9183945,-74.076783,,clothes,Ann Taylor,POINT (-74.07678300000001 40.9183945)
220,node,2830358054,40.9188428,-74.0758931,,clothes,American Eagle Outfitters,POINT (-74.0758931 40.9188428)
221,node,2830358055,40.9173359,-74.0766721,,clothes,Adidas,POINT (-74.0766721 40.9173359)
222,node,2830643351,40.9145006,-74.0566071,,clothes,Marshalls,POINT (-74.05660709999999 40.9145006)
223,node,2830643352,40.914676,-74.0570261,,clothes,Saks Off Fifth,POINT (-74.0570261 40.914676)
224,node,2830643354,40.9146161,-74.05847,,clothes,Dress Barn,POINT (-74.05847 40.9146161)
225,node,2830643356,40.9147873,-74.0586909,,clothes,Gap Factory Store,POINT (-74.0586909 40.9147873)
226,node,2830643357,40.9149627,-74.0589513,,clothes,H&M,POINT (-74.0589513 40.9149627)
227,node,2830643359,40.9146161,-74.0605368,,clothes,Adidas Outlet Store,POINT (-74.06053679999999 40.9146161)
228,node,2830643362,40.9144998,-74.0592732,,clothes,Banana Republic Factory Store,POINT (-74.05927320000001 40.9144998)
229,node,2830643363,40.9155233,-74.0596705,,clothes,US Polo Assoc.,POINT (-74.0596705 40.9155233)
230,node,2830643367,40.9159939,-74.0596591,,clothes,Guess Factory Store,POINT (-74.0596591 40.9159939)
231,node,2830643368,40.9158741,-74.0594666,,clothes,New York & Company Outlet,POINT (-74.05946659999999 40.9158741)
232,node,2830643369,40.9157115,-74.0592118,,clothes,Tommy Hilfiger,POINT (-74.0592118 40.9157115)
233,node,2839628068,40.7141811,-73.9602186,,clothes,Bird,POINT (-73.9602186 40.7141811)
234,node,2842215271,40.7345115,-73.8724042,,clothes,Casual Male,POINT (-73.87240420000001 40.7345115)
235,node,2870656985,40.7057929,-73.7944056,Jamaica,clothes,Hot Point,POINT (-73.7944056 40.7057929)
236,node,2870656990,40.705965,-73.7939312,Jamaica,clothes,Blue Angels,POINT (-73.7939312 40.705965)
237,node,2870657904,40.7064104,-73.7927893,Jamaica,clothes,Flashy Girl,POINT (-73.7927893 40.7064104)
238,node,2870682355,40.7065706,-73.7924481,Jamaica,clothes,Smart Menswear Inc.,POINT (-73.7924481 40.7065706)
239,node,2870695210,40.7044338,-73.7970711,Jamaica,clothes,The Children's Place,POINT (-73.7970711 40.7044338)
240,node,2883793011,40.8081207,-73.945604,,clothes,Marshalls,POINT (-73.945604 40.8081207)
241,node,2893229241,40.762835,-73.9743526,,clothes,Piaget,POINT (-73.9743526 40.762835)
242,node,2893229242,40.7626298,-73.974484,,clothes,Prada,POINT (-73.974484 40.7626298)
243,node,2893229243,40.7630564,-73.9735775,,clothes,Louis Vuitton,POINT (-73.9735775 40.7630564)
244,node,2893229244,40.7629,-73.9743016,,clothes,Bulgari,POINT (-73.9743016 40.7629)
245,node,2893229245,40.762766,-73.9744036,,clothes,Mikimoto,POINT (-73.9744036 40.762766)
246,node,2893229247,40.762322,-73.97415,,clothes,Gucci,POINT (-73.97414999999999 40.762322)
247,node,2895553235,40.7096972,-73.7952478,Jamaica,clothes,Parineeta The Bride,POINT (-73.7952478 40.7096972)
248,node,2895824212,40.7177291,-74.0007871,,clothes,DG Fashion Trading,POINT (-74.0007871 40.7177291)
249,node,2895940827,40.7067508,-74.0065914,,clothes,Dress Barn,POINT (-74.0065914 40.7067508)
250,node,2897923552,40.706867,-74.004015,,clothes,Superdry,POINT (-74.004015 40.706867)
251,node,2897923553,40.7066077,-74.0040941,,clothes,Christian Benner,POINT (-74.0040941 40.7066077)
252,node,2897923554,40.7066799,-74.0039868,,clothes,DFBK,POINT (-74.00398680000001 40.7066799)
253,node,2897923557,40.7067012,-74.0037324,,clothes,Lee Lee's Forest,POINT (-74.0037324 40.7067012)
254,node,2898706756,40.7072258,-74.0037268,,clothes,Guess,POINT (-74.0037268 40.7072258)
255,node,2898706757,40.7071343,-74.0036624,,clothes,Carlos Falchi Couture,POINT (-74.0036624 40.7071343)
256,node,2898706758,40.7071263,-74.0041026,,clothes,Abercrombie & Fitch,POINT (-74.0041026 40.7071263)
257,node,2955441511,40.7599179,-73.9716513,New York,clothes,Stefano Ricci,POINT (-73.9716513 40.7599179)
258,node,2975745775,40.7614855,-73.9689095,New York,clothes,American Eagle Outfitters,POINT (-73.9689095 40.7614855)
259,node,2985573622,40.741307,-74.0057665,New York,clothes,Hugo Boss,POINT (-74.00576649999999 40.741307)
260,node,2991899684,40.7203613,-73.9958453,New York,clothes,Marmalade Vintage,POINT (-73.9958453 40.7203613)
261,node,3096507088,40.6942339,-74.2579424,,clothes,Dressbarn,POINT (-74.2579424 40.6942339)
262,node,3118144406,40.6686074,-73.910242,,clothes,Rainbow,POINT (-73.910242 40.6686074)
263,node,3248774674,40.7812598,-73.9815522,New York,clothes,lululemon athletica,POINT (-73.9815522 40.7812598)
264,node,3248774680,40.7797817,-73.9819746,,clothes,The North Face,POINT (-73.9819746 40.7797817)
265,node,3248774690,40.7760753,-73.9800106,,clothes,Athleta,POINT (-73.9800106 40.7760753)
266,node,3248774702,40.7757714,-73.9797459,New York,clothes,Club Monaco,POINT (-73.9797459 40.7757714)
267,node,3248816726,40.7684646,-73.9828402,,clothes,H&M,POINT (-73.9828402 40.7684646)
268,node,3248816727,40.7681308,-73.9827575,,clothes,J. Crew,POINT (-73.98275750000001 40.7681308)
269,node,3260425865,40.6874327,-74.1816294,,clothes,Touch of Color,POINT (-74.18162940000001 40.6874327)
270,node,3260428061,40.6874565,-74.1826967,,clothes,America!,POINT (-74.18269669999999 40.6874565)
271,node,3262342854,40.7495133,-73.9865888,New York,clothes,Uniqlo,POINT (-73.98658880000001 40.7495133)
272,node,3315201777,40.577115,-73.9629563,,clothes,Eugenia,POINT (-73.9629563 40.577115)
273,node,3447488961,40.7555131,-73.9870107,,clothes,Loft,POINT (-73.9870107 40.7555131)
274,node,3447488963,40.755881,-73.9874036,,clothes,Champs,POINT (-73.98740359999999 40.755881)
275,node,3447526690,40.7593325,-73.978595,,clothes,Anthropologie,POINT (-73.978595 40.7593325)
276,node,3447527993,40.7590891,-73.9789454,,clothes,J. Crew,POINT (-73.9789454 40.7590891)
277,node,3447527995,40.7594157,-73.9779817,,clothes,Equinox,POINT (-73.9779817 40.7594157)
278,node,3451116505,40.7511003,-73.9916213,,clothes,Kmart,POINT (-73.99162130000001 40.7511003)
279,node,3451142754,40.7508753,-73.9909693,,clothes,Modell's,POINT (-73.9909693 40.7508753)
280,node,3451159777,40.7502476,-73.9893078,,clothes,Sephora,POINT (-73.98930780000001 40.7502476)
281,node,3451203779,40.7502851,-73.9871588,,clothes,Desigual,POINT (-73.9871588 40.7502851)
282,node,3451315857,40.7509578,-73.9880113,New York,clothes,Urban Outfitters,POINT (-73.9880113 40.7509578)
283,node,3486847406,40.8064666,-73.988961,,clothes,Victoria's Secret,POINT (-73.988961 40.8064666)
284,node,3594715132,40.7252052,-73.9968064,,clothes,Hollister,POINT (-73.9968064 40.7252052)
285,node,3712821330,40.7919525,-74.0492496,,clothes,Casual Male XL,POINT (-74.0492496 40.7919525)
286,node,3827424894,40.9150935,-74.1730677,,clothes,The Children's Place,POINT (-74.1730677 40.9150935)
287,node,3827424895,40.9149629,-74.1731138,,clothes,Marshalls,POINT (-74.1731138 40.9149629)
288,node,3833091015,40.749182,-73.9724275,,clothes,Dor L' Dor,POINT (-73.97242749999999 40.749182)
289,node,3844012483,40.8140433,-74.2180929,,clothes,Anthropologie,POINT (-74.2180929 40.8140433)
290,node,3844012495,40.8147696,-74.2198697,,clothes,Urban Outfitters,POINT (-74.2198697 40.8147696)
291,node,3859061782,40.7401164,-73.9945019,,clothes,TJ Maxx,POINT (-73.9945019 40.7401164)
292,node,3863022159,40.761103,-73.917073,,clothes,Express,POINT (-73.917073 40.761103)
293,node,3863022160,40.761115,-73.91747,,clothes,Fallas,POINT (-73.91746999999999 40.761115)
294,node,3863029660,40.761262,-73.917395,,clothes,Banana Republic Factory,POINT (-73.917395 40.761262)
295,node,3927137573,40.7497436,-73.9881912,,clothes,H & M,POINT (-73.9881912 40.7497436)
296,node,3927150547,40.7495763,-73.9867312,,clothes,Zara,POINT (-73.98673119999999 40.7495763)
297,node,3927150548,40.7497898,-73.9872059,,clothes,H & M,POINT (-73.98720590000001 40.7497898)
298,node,3927150552,40.7496516,-73.9869297,,clothes,Levi's,POINT (-73.9869297 40.7496516)
299,node,3938479921,40.7256079,-73.9964129,,clothes,Adidas,POINT (-73.9964129 40.7256079)
300,node,3970473671,40.743931,-73.983874,,clothes,Lacoste,POINT (-73.983874 40.743931)
301,node,4006308108,40.7238405,-73.9965689,,clothes,G-Star RAW,POINT (-73.9965689 40.7238405)
302,node,4008037040,40.7701569,-73.9625726,,clothes,SHEN NEW YORK,POINT (-73.9625726 40.7701569)
303,node,4012847857,40.7440621,-73.9922118,,clothes,David's Bridal,POINT (-73.99221180000001 40.7440621)
304,node,4012847860,40.7447407,-73.9916956,New York,clothes,capelli new york,POINT (-73.9916956 40.7447407)
305,node,4014980156,40.7533238,-73.9144765,,clothes,Old Navy,POINT (-73.91447650000001 40.7533238)
306,node,4045561179,40.7358326,-74.0018859,,clothes,Saturdays,POINT (-74.0018859 40.7358326)
307,node,4109967908,40.643361,-73.781411,,clothes,Guess,POINT (-73.78141100000001 40.643361)
308,node,4109969134,40.643235,-73.782528,,clothes,Victoria's Secret,POINT (-73.782528 40.643235)
309,node,4121316401,40.7133188,-74.0035986,,clothes,City Store,POINT (-74.0035986 40.7133188)
310,node,4136514835,40.6536229,-73.8712889,,clothes,GAP Factory,POINT (-73.8712889 40.6536229)
311,node,4136514880,40.6540545,-73.872695,,clothes,Five Below,POINT (-73.87269499999999 40.6540545)
312,node,4136514885,40.6526482,-73.8737033,,clothes,Burlington Coat Factory,POINT (-73.8737033 40.6526482)
313,node,4136515112,40.6533095,-73.8719572,,clothes,New York & Co,POINT (-73.8719572 40.6533095)
314,node,4136515171,40.6543394,-73.8700664,,clothes,Nordstrom Rack,POINT (-73.8700664 40.6543394)
315,node,4136515365,40.6540993,-73.8704204,,clothes,DSW,POINT (-73.8704204 40.6540993)
316,node,4194174468,40.6859963,-73.9911162,,clothes,Lululemon Athletica,POINT (-73.99111619999999 40.6859963)
317,node,4200055693,40.7202441,-74.0468575,,clothes,Vivi girl Shop,POINT (-74.0468575 40.7202441)
318,node,4220662589,40.7247907,-73.9975378,,clothes,Under Armour store,POINT (-73.9975378 40.7247907)
319,node,4226134389,40.7100427,-73.7951473,Jamaica,clothes,Al Hamra Collection,POINT (-73.7951473 40.7100427)
320,node,4237922320,40.7126985,-73.7823995,,clothes,M Barry Services,POINT (-73.7823995 40.7126985)
321,node,4238006290,40.7129025,-73.7821019,Jamaica,clothes,Radha Sari Bazaar Inc.,POINT (-73.7821019 40.7129025)
322,node,4239902536,40.7117615,-73.7895354,Jamaica,clothes,Rokshana Boutique,POINT (-73.78953540000001 40.7117615)
323,node,4252887310,40.6755865,-73.9745311,,clothes,Mandala Tibetan Store,POINT (-73.97453109999999 40.6755865)
324,node,4254651771,40.744427,-73.9921981,New York,clothes,Goodwill Industries Store & Donation Center,POINT (-73.9921981 40.744427)
325,node,4255252874,40.7226719,-73.9993039,,clothes,H&M,POINT (-73.9993039 40.7226719)
326,node,4255253131,40.7244848,-73.9973753,,clothes,Forever 21,POINT (-73.9973753 40.7244848)
327,node,4255253132,40.7244716,-73.99785,,clothes,Prada,POINT (-73.99785 40.7244716)
328,node,4255253133,40.7238497,-73.99792,,clothes,H&M,POINT (-73.99791999999999 40.7238497)
329,node,4258004389,40.7625601,-73.9725989,New York,clothes,Christian Dior,POINT (-73.97259889999999 40.7625601)
330,node,4283625389,40.762113,-73.9749459,,clothes,Henri Bendel,POINT (-73.97494589999999 40.762113)
331,node,4283635689,40.7601985,-73.9763277,,clothes,Hollister,POINT (-73.9763277 40.7601985)
332,node,4300546989,40.7298733,-73.9864727,,clothes,Urban Outfitters,POINT (-73.98647269999999 40.7298733)
333,node,4300815692,40.782882,-73.9809253,,clothes,Bra Smyth,POINT (-73.9809253 40.782882)
334,node,4305352630,40.8688217,-73.8270763,,clothes,DXL,POINT (-73.8270763 40.8688217)
335,node,4307308992,40.7567609,-73.9945607,,clothes,Hell's Kitchen Flea Market,POINT (-73.99456069999999 40.7567609)
336,node,4320114931,40.7144076,-73.9594096,Brooklyn,clothes,Narnia,POINT (-73.9594096 40.7144076)
337,node,4353113390,40.7574033,-73.978222,,clothes,Topman,POINT (-73.978222 40.7574033)
338,node,4353153856,40.761975,-73.9771432,,clothes,Manolo Blahnik,POINT (-73.9771432 40.761975)
339,node,4353425889,40.7348737,-73.9914604,,clothes,Burlington,POINT (-73.99146039999999 40.7348737)
340,node,4380059406,40.7374571,-73.9900472,,clothes,The Dr. Martens Store,POINT (-73.99004720000001 40.7374571)
341,node,4380347191,40.7056076,-73.9331871,,clothes,Mary Meyer Clothing,POINT (-73.9331871 40.7056076)
342,node,4380381689,40.7040366,-73.9337131,,clothes,RISK Vintage,POINT (-73.93371310000001 40.7040366)
343,node,4382629933,40.7183158,-73.9552362,,clothes,Buffalo Exchange,POINT (-73.9552362 40.7183158)
344,node,4382629937,40.7226794,-73.9992847,,clothes,H&M,POINT (-73.9992847 40.7226794)
345,node,4382630249,40.7241982,-73.998047,,clothes,Pink,POINT (-73.998047 40.7241982)
346,node,4382630250,40.7239185,-73.9978216,,clothes,Converse,POINT (-73.99782159999999 40.7239185)
347,node,4396518790,40.7838509,-73.9564345,,clothes,Bonpoint,POINT (-73.9564345 40.7838509)
348,node,4396719791,40.7243138,-74.0024067,,clothes,Bonpoint,POINT (-74.00240669999999 40.7243138)
349,node,4402057800,40.7096385,-74.0098983,,clothes,GAP,POINT (-74.0098983 40.7096385)
350,node,4405535093,40.7426669,-73.9995561,,clothes,Nasty Pig,POINT (-73.99955610000001 40.7426669)
351,node,4407734879,40.5825251,-74.1651798,,clothes,Forever 21,POINT (-74.1651798 40.5825251)
352,node,4407734880,40.5809748,-74.1658155,,clothes,GAP,POINT (-74.16581549999999 40.5809748)
353,node,4407734881,40.5821339,-74.1661508,,clothes,Guess,POINT (-74.1661508 40.5821339)
354,node,4407734882,40.5808995,-74.1667489,,clothes,H&M,POINT (-74.1667489 40.5808995)
355,node,4407735240,40.5816837,-74.1648821,,clothes,Victoria's Secrets,POINT (-74.1648821 40.5816837)
356,node,4418348217,40.7412441,-73.9900993,,clothes,Tailor,POINT (-73.9900993 40.7412441)
357,node,4445028789,40.7333467,-74.0052278,,clothes,Leather Man,POINT (-74.0052278 40.7333467)
358,node,4455191589,40.7258163,-73.9998513,,clothes,,POINT (-73.9998513 40.7258163)
359,node,4455539694,40.7250409,-73.9973221,,clothes,Victoria's Secret,POINT (-73.99732210000001 40.7250409)
360,node,4461963792,40.720765,-74.0027411,,clothes,Canada Goose,POINT (-74.00274109999999 40.720765)
361,node,4462060089,40.7600564,-73.9834861,,clothes,Superdry,POINT (-73.98348609999999 40.7600564)
362,node,4463877489,40.6176818,-73.9918394,,clothes,Telco,POINT (-73.9918394 40.6176818)
363,node,4466147685,40.743344,-73.989489,New York,clothes,Noir et Blanc,POINT (-73.98948900000001 40.743344)
364,node,4469660893,40.758016,-73.9769452,,clothes,the north face,POINT (-73.9769452 40.758016)
365,node,4471322292,40.7247023,-74.0009858,,clothes,Canada Goose Flagship Store,POINT (-74.0009858 40.7247023)
366,node,4471388093,40.7622444,-73.9672042,,clothes,The north face,POINT (-73.9672042 40.7622444)
367,node,4473299090,40.8959376,-74.2326583,,clothes,Bob's Stores,POINT (-74.2326583 40.8959376)
368,node,4480955094,40.7617519,-73.9745787,,clothes,Ralph Lauren (Polo Bar),POINT (-73.9745787 40.7617519)
369,node,4493243975,40.9282402,-73.8527415,,clothes,GAP,POINT (-73.85274149999999 40.9282402)
370,node,4493243988,40.9259798,-73.8531333,Yonkers,clothes,Old Navy,POINT (-73.8531333 40.9259798)
371,node,4493285458,40.9259592,-73.8551248,Yonkers,clothes,TJ Maxx,POINT (-73.8551248 40.9259592)
372,node,4532514689,40.787577,-73.7281318,,clothes,Oh La La,POINT (-73.7281318 40.787577)
373,node,4553345925,40.7544315,-73.9804303,New York,clothes,Sayki,POINT (-73.98043029999999 40.7544315)
374,node,4556115320,40.7505246,-73.9743574,,clothes,Gap,POINT (-73.9743574 40.7505246)
375,node,4559312794,40.6907684,-73.9852002,,clothes,Nordstrom Rack,POINT (-73.98520019999999 40.6907684)
376,node,4559312799,40.6910358,-73.9866967,,clothes,Gap Factory Store,POINT (-73.9866967 40.6910358)
377,node,4559312800,40.6907226,-73.9851036,,clothes,H&M,POINT (-73.9851036 40.6907226)
378,node,4559312803,40.6913866,-73.9875751,,clothes,Lane Bryant,POINT (-73.9875751 40.6913866)
379,node,4559312804,40.6905294,-73.9854308,,clothes,American Eagle Outfitters,POINT (-73.9854308 40.6905294)
380,node,4559312805,40.6910236,-73.9858492,,clothes,Banana Republic Factory Store,POINT (-73.9858492 40.6910236)
381,node,4559312806,40.6915259,-73.9871486,,clothes,Ann Taylor,POINT (-73.9871486 40.6915259)
382,node,4559312807,40.6914283,-73.9868952,,clothes,Social Apparel,POINT (-73.98689520000001 40.6914283)
383,node,4565909216,40.7201586,-74.0019016,,clothes,STADIUM GOODS,POINT (-74.0019016 40.7201586)
384,node,4565955201,40.7222848,-74.0011015,,clothes,Purl Soho,POINT (-74.0011015 40.7222848)
385,node,4565955202,40.7191792,-73.9853766,,clothes,ALIFE,POINT (-73.9853766 40.7191792)
386,node,4565955297,40.726617,-73.9956681,,clothes,KITH,POINT (-73.9956681 40.726617)
387,node,4565980289,40.7240439,-73.9964068,,clothes,Supreme,POINT (-73.9964068 40.7240439)
388,node,4586276001,40.7183615,-73.9583299,,clothes,Crossroad Trading Co.,POINT (-73.9583299 40.7183615)
389,node,4587258297,40.7236707,-73.9525839,,clothes,Beacon's Closet,POINT (-73.95258389999999 40.7236707)
390,node,4587365789,40.722598,-73.9547486,,clothes,Genuine Motorworks,POINT (-73.9547486 40.722598)
391,node,4589608995,40.7235312,-74.0004583,,clothes,Saint Laurent Paris,POINT (-74.00045830000001 40.7235312)
392,node,4589608996,40.7233032,-74.0009234,,clothes,Burton,POINT (-74.0009234 40.7233032)
393,node,4589647292,40.7225053,-74.0016144,,clothes,Isabel Marant,POINT (-74.00161439999999 40.7225053)
394,node,4589659390,40.7216512,-74.001951,,clothes,Fjäll Räven,POINT (-74.00195100000001 40.7216512)
395,node,4616285490,40.7235622,-73.9996539,,clothes,Solstice,POINT (-73.9996539 40.7235622)
396,node,4616286889,40.7232634,-74.0006697,,clothes,Patagonia,POINT (-74.0006697 40.7232634)
397,node,4616286989,40.723473,-74.0007858,,clothes,Versus Versace,POINT (-74.0007858 40.723473)
398,node,4616287089,40.7238465,-74.0007851,,clothes,Longchamp,POINT (-74.0007851 40.7238465)
399,node,4616287090,40.7241052,-74.0007373,,clothes,Diesel,POINT (-74.0007373 40.7241052)
400,node,4616287091,40.7241862,-74.0008978,,clothes,Chanel,POINT (-74.0008978 40.7241862)
401,node,4623422789,40.7539199,-73.9811804,,clothes,the north face,POINT (-73.9811804 40.7539199)
402,node,4649136092,40.7234319,-73.9993293,,clothes,Free People,POINT (-73.9993293 40.7234319)
403,node,4681443601,40.7409655,-74.0048309,,clothes,Columbia store,POINT (-74.0048309 40.7409655)
404,node,4696169236,40.9164862,-74.1730702,Paterson,clothes,One Touch Bridal,POINT (-74.1730702 40.9164862)
405,node,4696823190,40.7262541,-74.0006404,,clothes,Billionaire Boys Club Ice Cream,POINT (-74.00064039999999 40.7262541)
406,node,4696823290,40.7241702,-74.0001771,,clothes,BAPE store,POINT (-74.0001771 40.7241702)
407,node,4697138589,40.7214214,-73.9999993,,clothes,Topman,POINT (-73.9999993 40.7214214)
408,node,4699192689,40.7493309,-73.9861281,,clothes,SuperDry,POINT (-73.9861281 40.7493309)
409,node,4708892891,40.7237297,-74.0000202,,clothes,Adidas original store,POINT (-74.00002019999999 40.7237297)
410,node,4725997490,40.7430657,-74.0068932,,clothes,Artists & Fleas,POINT (-74.00689319999999 40.7430657)
411,node,4760638621,40.7370704,-73.9926128,,clothes,Free People,POINT (-73.9926128 40.7370704)
412,node,4760720822,40.7186127,-73.9607342,,clothes,Urban Outfitters,POINT (-73.9607342 40.7186127)
413,node,4760746021,40.7245758,-73.9977519,,clothes,& Other Stories,POINT (-73.9977519 40.7245758)
414,node,4768361021,40.710137,-74.0094741,,clothes,Urban Outfitters,POINT (-74.00947410000001 40.710137)
415,node,4768362321,40.6899715,-73.9940268,,clothes,Urban Outfitters,POINT (-73.9940268 40.6899715)
416,node,4768380531,40.7480595,-73.9924109,,clothes,American Apparel,POINT (-73.9924109 40.7480595)
417,node,4768397331,40.6903017,-73.9922617,,clothes,American Apparel,POINT (-73.9922617 40.6903017)
418,node,4768399424,40.7069361,-73.953029,,clothes,American Apparel,POINT (-73.953029 40.7069361)
419,node,4768429026,40.7392717,-73.9914933,,clothes,American Apparel,POINT (-73.9914933 40.7392717)
420,node,4768456421,40.7200927,-74.0015089,,clothes,American Apparel,POINT (-74.0015089 40.7200927)
421,node,4768474321,40.6848235,-73.9767208,,clothes,Uniqlo,POINT (-73.9767208 40.6848235)
422,node,4768477257,40.6847006,-73.9764987,,clothes,Victoria's Secret,POINT (-73.97649869999999 40.6847006)
423,node,4769803021,40.7202354,-73.9997684,,clothes,American Two Shot,POINT (-73.99976839999999 40.7202354)
424,node,4792178323,40.7141686,-73.9944225,,clothes,,POINT (-73.9944225 40.7141686)
425,node,4792178324,40.7139437,-73.9944994,,clothes,,POINT (-73.9944994 40.7139437)
426,node,4792178325,40.7140191,-73.9943536,,clothes,,POINT (-73.9943536 40.7140191)
427,node,4792178327,40.714095,-73.9945133,,clothes,,POINT (-73.99451329999999 40.714095)
428,node,4796427413,40.7419122,-73.9895625,New York,clothes,marimekko,POINT (-73.98956250000001 40.7419122)
429,node,4811840421,40.7225414,-73.993955,,clothes,samuji nolita,POINT (-73.993955 40.7225414)
430,node,4811940238,40.7245413,-73.9977384,,clothes,& Other Stories,POINT (-73.9977384 40.7245413)
431,node,4811957922,40.7536272,-73.9803942,,clothes,and other stories,POINT (-73.98039420000001 40.7536272)
432,node,4813825721,40.7231542,-73.9955775,,clothes,brandy melville,POINT (-73.9955775 40.7231542)
433,node,4813825921,40.7221841,-73.9997237,,clothes,brandy melville broadway,POINT (-73.9997237 40.7221841)
434,node,4815674438,40.7177636,-73.990323,,clothes,Mooshoes,POINT (-73.990323 40.7177636)
435,node,4825110721,40.7607362,-73.9832448,,clothes,Yankees,POINT (-73.98324479999999 40.7607362)
436,node,4826193922,40.7247731,-74.0021428,,clothes,Arc'teryx Soho,POINT (-74.0021428 40.7247731)
437,node,4828045222,40.7239853,-73.9935068,,clothes,Toms,POINT (-73.99350680000001 40.7239853)
438,node,4837022664,40.8149954,-74.2195662,,clothes,South Moon Under,POINT (-74.2195662 40.8149954)
439,node,4837022928,40.814117,-74.2198595,,clothes,Tiziano Boutique,POINT (-74.2198595 40.814117)
440,node,4837023001,40.8148339,-74.2191165,,clothes,lululemon,POINT (-74.2191165 40.8148339)
441,node,4837023081,40.8153149,-74.2190772,,clothes,Hip Chic,POINT (-74.2190772 40.8153149)
442,node,4837099618,40.8127926,-74.2164603,,clothes,Takeover,POINT (-74.21646029999999 40.8127926)
443,node,4837099824,40.813396,-74.2165758,,clothes,Prima,POINT (-74.2165758 40.813396)
444,node,4837099833,40.8119268,-74.2147117,,clothes,Inner Eye Boutique,POINT (-74.2147117 40.8119268)
445,node,4837137566,40.8868035,-74.252327,Wayne,clothes,Burlington Coat Factory,POINT (-74.25232699999999 40.8868035)
446,node,4837137574,40.8879928,-74.2581728,Wayne,clothes,Uniqlo,POINT (-74.2581728 40.8879928)
447,node,4837137575,40.8890169,-74.2607458,Wayne,clothes,Forever 21,POINT (-74.2607458 40.8890169)
448,node,4838654963,40.8861836,-74.25327,,clothes,K&G Fashion Superstore,POINT (-74.25327 40.8861836)
449,node,4843833724,40.7307692,-73.9496928,,clothes,Dusty Rose Vintage,POINT (-73.94969279999999 40.7307692)
450,node,4850203121,40.7241415,-73.9975369,,clothes,,POINT (-73.9975369 40.7241415)
451,node,4866177621,40.5800581,-74.1664454,,clothes,Primark,POINT (-74.1664454 40.5800581)
452,node,4876407521,40.7401382,-73.9946367,,clothes,Marshall’s,POINT (-73.9946367 40.7401382)
453,node,4876688442,40.661386,-73.7181956,,clothes,Old Navy,POINT (-73.7181956 40.661386)
454,node,4876689862,40.6621982,-73.7210284,,clothes,H&M,POINT (-73.72102839999999 40.6621982)
455,node,4882289080,40.7101015,-73.7940818,Jamaica,clothes,Riwaz,POINT (-73.7940818 40.7101015)
456,node,4890331921,40.7620617,-73.9743838,,clothes,Dolce & Gabbana,POINT (-73.9743838 40.7620617)
457,node,4893309822,40.750751,-73.9832148,,clothes,reebok,POINT (-73.9832148 40.750751)
458,node,4913377710,40.7557513,-73.9858362,,clothes,H&M,POINT (-73.98583619999999 40.7557513)
459,node,4915842122,40.7552952,-73.9855236,,clothes,Modell's Sporting Goods,POINT (-73.98552359999999 40.7552952)
460,node,4977581176,40.8854866,-74.2111571,,clothes,Rainbow,POINT (-74.21115709999999 40.8854866)
461,node,4988385027,40.7157789,-73.9973402,New York,clothes,Unique Hype Collection,POINT (-73.9973402 40.7157789)
462,node,4995738111,40.6088194,-73.958508,Brooklyn,clothes,Trumas,POINT (-73.95850799999999 40.6088194)
463,node,4998805610,40.7324844,-73.9911106,,clothes,New York Costumes,POINT (-73.9911106 40.7324844)
464,node,4998806122,40.7336674,-73.9911925,,clothes,Nu New York,POINT (-73.9911925 40.7336674)
465,node,4998806126,40.7337929,-73.9908003,,clothes,Zumiez,POINT (-73.9908003 40.7337929)
466,node,4998806131,40.7349875,-73.9916761,,clothes,Bottom's,POINT (-73.99167610000001 40.7349875)
467,node,5011118921,40.7620414,-73.9832079,,clothes,,POINT (-73.9832079 40.7620414)
468,node,5017258824,40.772168,-73.9649482,,clothes,Spring Flowers,POINT (-73.96494819999999 40.772168)
469,node,5017262527,40.7696792,-73.9671782,,clothes,Dolce & Gabbana for Kids,POINT (-73.96717820000001 40.7696792)
470,node,5023195622,40.7355798,-73.9950465,,clothes,Beacon's Closet,POINT (-73.9950465 40.7355798)
471,node,5043497800,40.6671317,-73.9815981,,clothes,Brooklyn Industries,POINT (-73.9815981 40.6671317)
472,node,5061499421,40.721411,-74.0020622,,clothes,The Vans DQM General,POINT (-74.0020622 40.721411)
473,node,5083429925,40.7238957,-73.9903347,,clothes,Otherwild,POINT (-73.99033470000001 40.7238957)
474,node,5087639781,40.7438216,-73.9993127,,clothes,Vibe,POINT (-73.9993127 40.7438216)
475,node,5087640452,40.74549,-73.9980402,,clothes,Gap,POINT (-73.99804020000001 40.74549)
476,node,5092994822,40.7234238,-73.9522934,,clothes,OAK,POINT (-73.9522934 40.7234238)
477,node,5093221728,40.7182752,-73.959557,,clothes,GANT,POINT (-73.959557 40.7182752)
478,node,5108265921,40.7373803,-73.9899304,,clothes,Scotch & Soda,POINT (-73.98993040000001 40.7373803)
479,node,5108265923,40.733039,-74.0039458,,clothes,Scotch & Soda,POINT (-74.0039458 40.733039)
480,node,5108275821,40.7236996,-73.9962548,,clothes,Scotch & Soda,POINT (-73.9962548 40.7236996)
481,node,5111766223,40.7185004,-73.9605308,,clothes,Space Ninety 8,POINT (-73.9605308 40.7185004)
482,node,5118455510,40.7602688,-73.9175928,,clothes,Victoria Secret,POINT (-73.91759279999999 40.7602688)
483,node,5124427121,40.7200854,-73.9975842,,clothes,No. 6 Store,POINT (-73.99758420000001 40.7200854)
484,node,5141324022,40.7407324,-74.0067489,,clothes,all saints,POINT (-74.00674890000001 40.7407324)
485,node,5146338606,40.7551842,-73.9921496,New York,clothes,Anthony Urso,POINT (-73.9921496 40.7551842)
486,node,5155647229,40.6646059,-73.8415372,,clothes,Karako Suits,POINT (-73.8415372 40.6646059)
487,node,5164002624,40.7250817,-74.0016921,,clothes,DKNY,POINT (-74.0016921 40.7250817)
488,node,5186870455,40.8061428,-73.9470016,New York,clothes,Harlem Haberdashery,POINT (-73.94700159999999 40.8061428)
489,node,5190396659,40.7494162,-73.9874922,New York,clothes,Forever  21,POINT (-73.98749220000001 40.7494162)
490,node,5190525039,40.7416954,-73.9951324,,clothes,Kleinfeld Bridal Sample Studio,POINT (-73.9951324 40.7416954)
491,node,5190677117,40.7477269,-73.9844071,New York,clothes,"Cookies, Inc",POINT (-73.9844071 40.7477269)
492,node,5208082622,40.7056905,-73.9332518,,clothes,Friends NYC,POINT (-73.93325179999999 40.7056905)
493,node,5219097799,40.5868719,-73.8130445,,clothes,Rainbow,POINT (-73.8130445 40.5868719)
494,node,5220904065,40.679876,-73.9376885,Brooklyn,clothes,,POINT (-73.93768849999999 40.679876)
495,node,5226715621,40.7304277,-73.8622289,Rego Park,clothes,Marshalls,POINT (-73.86222890000001 40.7304277)
496,node,5229541918,40.633688,-73.9942406,,clothes,My Self,POINT (-73.9942406 40.633688)
497,node,5240160096,40.7213489,-73.992938,,clothes,Green Fingers Market,POINT (-73.992938 40.7213489)
498,node,5246547359,40.662439,-73.9850991,Brooklyn,clothes,mae,POINT (-73.9850991 40.662439)
499,node,5248097966,40.7300947,-73.86127,,clothes,,POINT (-73.86127 40.7300947)
500,node,5248100569,40.7295139,-73.8624493,,clothes,High Tops,POINT (-73.86244929999999 40.7295139)
501,node,5265714371,40.72035,-74.0023196,,clothes,Oak & Wood,POINT (-74.00231960000001 40.72035)
502,node,5265714697,40.7203985,-74.0022857,,clothes,Billionaire Boys Club,POINT (-74.0022857 40.7203985)
503,node,5265714963,40.7212298,-74.0016097,,clothes,Alexander Wang,POINT (-74.0016097 40.7212298)
504,node,5265753025,40.7381122,-73.9922976,,clothes,Gap,POINT (-73.9922976 40.7381122)
505,node,5266898172,40.774115,-73.9576435,,clothes,Vivaldi,POINT (-73.9576435 40.774115)
506,node,5269167921,40.6422607,-73.7917812,,clothes,Salvatore Ferragamo,POINT (-73.7917812 40.6422607)
507,node,5285124122,40.8070365,-73.989168,,clothes,Banana Republic,POINT (-73.98916800000001 40.8070365)
508,node,5285124123,40.8069483,-73.9888733,,clothes,Baby Gap,POINT (-73.98887329999999 40.8069483)
509,node,5285124124,40.8069581,-73.9887878,,clothes,Gap Kids,POINT (-73.9887878 40.8069581)
510,node,5285124821,40.806864,-73.9899899,,clothes,Ambience Boutique,POINT (-73.9899899 40.806864)
511,node,5285124824,40.8071974,-73.9895438,,clothes,Carter’s,POINT (-73.98954380000001 40.8071974)
512,node,5285132923,40.8065779,-73.9879032,,clothes,Guess,POINT (-73.98790320000001 40.8065779)
513,node,5285133721,40.8070253,-73.9889802,,clothes,Gap,POINT (-73.9889802 40.8070253)
514,node,5285135521,40.806502,-73.9877474,,clothes,Anthropologie,POINT (-73.9877474 40.806502)
515,node,5285138722,40.8068635,-73.9886647,,clothes,Mercat,POINT (-73.9886647 40.8068635)
516,node,5285140423,40.8066333,-73.9880427,,clothes,Express,POINT (-73.98804269999999 40.8066333)
517,node,5285151121,40.8066975,-73.9882153,,clothes,Loft,POINT (-73.98821529999999 40.8066975)
518,node,5285594971,40.7477112,-73.9563172,Long Island City,clothes,mimi & mo,POINT (-73.9563172 40.7477112)
519,node,5286432221,40.8061757,-73.988253,,clothes,Chico’s,POINT (-73.988253 40.8061757)
520,node,5288175921,40.7483328,-73.9849564,,clothes,Juicy Couture,POINT (-73.9849564 40.7483328)
521,node,5311459471,40.7455663,-73.9022934,,clothes,T-Shirt & More,POINT (-73.9022934 40.7455663)
522,node,5317574171,40.8077792,-73.9462736,,clothes,Burlington Coat Factory,POINT (-73.9462736 40.8077792)
523,node,5317574172,40.8078374,-73.9460878,,clothes,American Eagle Outfitters,POINT (-73.9460878 40.8078374)
524,node,5318896046,40.6781702,-73.9832193,,clothes,No Relation Vintage,POINT (-73.9832193 40.6781702)
525,node,5320691266,40.6767036,-73.9800857,Brooklyn,clothes,Goorin Bros.,POINT (-73.9800857 40.6767036)
526,node,5328220839,40.6740207,-73.9756,Brooklyn,clothes,Blok Hill,POINT (-73.9756 40.6740207)
527,node,5328220840,40.6741072,-73.9755429,,clothes,Area Kids,POINT (-73.97554289999999 40.6741072)
528,node,5333329245,40.6884972,-73.9894097,,clothes,Brooklyn Industries,POINT (-73.9894097 40.6884972)
529,node,5342854832,40.763916,-73.7708511,,clothes,Yvette Lingerie,POINT (-73.7708511 40.763916)
530,node,5342868236,40.7658348,-73.7720108,,clothes,Karma Boutique,POINT (-73.7720108 40.7658348)
531,node,5349703557,40.6988437,-73.9102808,,clothes,Blessed Buy,POINT (-73.9102808 40.6988437)
532,node,5351868289,40.6733857,-73.9760194,,clothes,Fig,POINT (-73.9760194 40.6733857)
533,node,5351868291,40.673433,-73.9759846,,clothes,Kiwi,POINT (-73.9759846 40.673433)
534,node,5359461522,40.6801739,-73.9780828,,clothes,Beacon's Closet,POINT (-73.9780828 40.6801739)
535,node,5365041387,40.708949,-73.8686944,Glendale,clothes,Paisley Bridal,POINT (-73.8686944 40.708949)
536,node,5371812658,40.7564652,-73.981334,New York,clothes,LS Mens Clothing,POINT (-73.981334 40.7564652)
537,node,5383987973,40.7607914,-73.9177143,,clothes,Jimmy Jazz,POINT (-73.9177143 40.7607914)
538,node,5397493604,40.6926513,-73.8585019,,clothes,Sports Lane,POINT (-73.85850189999999 40.6926513)
539,node,5397493616,40.693397,-73.8532052,,clothes,Baby Blue Ladies,POINT (-73.8532052 40.693397)
540,node,5397494587,40.6924424,-73.8585026,,clothes,Rainbow Shop,POINT (-73.85850259999999 40.6924424)
541,node,5397496088,40.6923695,-73.8612684,,clothes,Wood Story,POINT (-73.8612684 40.6923695)
542,node,5397496445,40.6933433,-73.8533423,,clothes,R.S. Army/Navy,POINT (-73.85334229999999 40.6933433)
543,node,5401946268,40.7388855,-74.0009062,,clothes,Rags-A-Gogo,POINT (-74.0009062 40.7388855)
544,node,5401978055,40.7780849,-73.9808553,,clothes,Le Petit Kids,POINT (-73.9808553 40.7780849)
545,node,5401978059,40.7207194,-73.9890321,,clothes,Askan,POINT (-73.9890321 40.7207194)
546,node,5403589302,40.7625374,-73.915903,,clothes,Esquire,POINT (-73.915903 40.7625374)
547,node,5403592332,40.7579036,-73.9196771,,clothes,Urban Lifestyle,POINT (-73.9196771 40.7579036)
548,node,5405720273,40.7081085,-73.9051795,,clothes,Sam's Thrift Store,POINT (-73.9051795 40.7081085)
549,node,5406237866,40.75931,-73.9185379,,clothes,Baby Blue,POINT (-73.9185379 40.75931)
550,node,5418953018,40.7069063,-73.7913097,Jamaica,clothes,Telco Stores,POINT (-73.7913097 40.7069063)
551,node,5420880744,40.7060829,-73.7936677,Jamaica,clothes,Carter's,POINT (-73.7936677 40.7060829)
552,node,5420880746,40.7058654,-73.7941921,Jamaica,clothes,Rainbow,POINT (-73.7941921 40.7058654)
553,node,5421262414,40.7036109,-73.7998867,,clothes,Rainbow,POINT (-73.7998867 40.7036109)
554,node,5425887136,40.7605098,-73.8268339,,clothes,Coqueta,POINT (-73.8268339 40.7605098)
555,node,5425887466,40.7599797,-73.8289448,Flushing,clothes,Jembro,POINT (-73.8289448 40.7599797)
556,node,5432070021,40.7283343,-73.9935021,,clothes,New Era Flagship Store,POINT (-73.9935021 40.7283343)
557,node,5446680727,40.6781078,-73.9791462,,clothes,Min-K,POINT (-73.9791462 40.6781078)
558,node,5452209931,40.6634147,-73.9842907,,clothes,Meshimar,POINT (-73.9842907 40.6634147)
559,node,5455055828,40.6718424,-73.9838801,,clothes,Premium Goods,POINT (-73.98388009999999 40.6718424)
560,node,5455240396,40.7579591,-73.8614932,,clothes,Northern Safety Center,POINT (-73.8614932 40.7579591)
561,node,5465519764,40.7219563,-73.996043,,clothes,Nu New York,POINT (-73.996043 40.7219563)
562,node,5476417570,40.9258167,-73.9639766,,clothes,Party Girl,POINT (-73.9639766 40.9258167)
563,node,5478509421,40.706788,-74.0038099,New York,clothes,Scotch & Soda,POINT (-74.00380989999999 40.706788)
564,node,5494867631,40.6760121,-73.9805611,,clothes,Lilith Outlet,POINT (-73.9805611 40.6760121)
565,node,5494867632,40.6759383,-73.9806212,,clothes,Mividimarket,POINT (-73.9806212 40.6759383)
566,node,5500251018,40.9266507,-74.2702709,Wayne,clothes,Uncommon Fit LLC,POINT (-74.2702709 40.9266507)
567,node,5502440823,40.7183785,-73.9591962,,clothes,Wonder Walter,POINT (-73.95919619999999 40.7183785)
568,node,5502443030,40.7184402,-73.9584288,,clothes,DNA footwear,POINT (-73.95842879999999 40.7184402)
569,node,5502452121,40.7143654,-73.9534115,,clothes,Stella Dallas,POINT (-73.9534115 40.7143654)
570,node,5506774600,40.6753975,-73.980996,,clothes,Néda Boutique,POINT (-73.980996 40.6753975)
571,node,5506774610,40.6754927,-73.9809255,,clothes,Diana Kane,POINT (-73.9809255 40.6754927)
572,node,5506774612,40.6755434,-73.9808644,,clothes,St. Hrouda,POINT (-73.9808644 40.6755434)
573,node,5506775322,40.6753608,-73.9810186,,clothes,Lykke,POINT (-73.9810186 40.6753608)
574,node,5509597482,40.678456,-73.9789109,,clothes,Habit,POINT (-73.9789109 40.678456)
575,node,5517079865,40.6725236,-73.976693,,clothes,JackRabbit,POINT (-73.976693 40.6725236)
576,node,5522955181,40.9028358,-74.2640967,Wayne,clothes,Glamazon LLC,POINT (-74.2640967 40.9028358)
577,node,5528019418,40.6874211,-73.9865745,,clothes,Meg,POINT (-73.9865745 40.6874211)
578,node,5529518121,40.7237318,-73.9936314,,clothes,L’Appartment Sézane,POINT (-73.9936314 40.7237318)
579,node,5531260953,40.7056983,-73.9123013,,clothes,Diego Fashion Boutique,POINT (-73.9123013 40.7056983)
580,node,5532391744,40.8891485,-74.2549488,Wayne,clothes,Lane Bryant,POINT (-74.25494879999999 40.8891485)
581,node,5534680806,40.8876119,-74.2586125,Wayne,clothes,Zara,POINT (-74.2586125 40.8876119)
582,node,5534680807,40.8881502,-74.258411,Wayne,clothes,Victoria's Secret,POINT (-74.258411 40.8881502)
583,node,5534680809,40.8880491,-74.2589565,Wayne,clothes,Express,POINT (-74.2589565 40.8880491)
584,node,5534680811,40.8883324,-74.2586169,Wayne,clothes,Armani Exchange,POINT (-74.25861690000001 40.8883324)
585,node,5534680813,40.8883926,-74.2588464,Wayne,clothes,Cotton On Willowbrook Mall,POINT (-74.2588464 40.8883926)
586,node,5534680814,40.8885162,-74.2588666,Wayne,clothes,Gymboree,POINT (-74.2588666 40.8885162)
587,node,5534680817,40.8880955,-74.2593749,Wayne,clothes,White House Black Market,POINT (-74.2593749 40.8880955)
588,node,5534683323,40.888463,-74.2591273,Wayne,clothes,Victoria's Secret PINK,POINT (-74.2591273 40.888463)
589,node,5534683324,40.8885859,-74.2590969,Wayne,clothes,Ann Taylor,POINT (-74.2590969 40.8885859)
590,node,5534897211,40.8890239,-74.2603787,Wayne,clothes,New York & Company,POINT (-74.2603787 40.8890239)
591,node,5534897212,40.8891354,-74.2607276,Wayne,clothes,Justice,POINT (-74.2607276 40.8891354)
592,node,5534897216,40.8893053,-74.2610905,Wayne,clothes,Against All Odds,POINT (-74.26109049999999 40.8893053)
593,node,5534897220,40.8897673,-74.262191,Wayne,clothes,Scrubology,POINT (-74.262191 40.8897673)
594,node,5534899021,40.8901143,-74.2615495,Wayne,clothes,Baby Gap,POINT (-74.2615495 40.8901143)
595,node,5534899023,40.8874963,-74.2574612,Wayne,clothes,BCBGeneration at Bloomingdales,POINT (-74.25746119999999 40.8874963)
596,node,5534899025,40.8903922,-74.2611327,Wayne,clothes,Aéropostale,POINT (-74.2611327 40.8903922)
597,node,5534899026,40.8903355,-74.2610742,Wayne,clothes,US Polo Association Factory Outlet,POINT (-74.2610742 40.8903355)
598,node,5534899029,40.8901638,-74.2607604,Wayne,clothes,F21 XXI,POINT (-74.2607604 40.8901638)
599,node,5535080859,40.889693,-74.2606691,Wayne,clothes,The Children's Place,POINT (-74.2606691 40.889693)
600,node,5535080870,40.8891903,-74.2600275,Wayne,clothes,Adidas,POINT (-74.26002750000001 40.8891903)
601,node,5535080877,40.8892699,-74.2597442,Wayne,clothes,Garage,POINT (-74.2597442 40.8892699)
602,node,5535080882,40.889477,-74.2598027,Wayne,clothes,Tates,POINT (-74.25980269999999 40.889477)
603,node,5535080890,40.8895587,-74.2592747,Wayne,clothes,Abercrombie & Fitch,POINT (-74.25927470000001 40.8895587)
604,node,5535080893,40.8899357,-74.2589893,Wayne,clothes,Loft,POINT (-74.2589893 40.8899357)
605,node,5535080895,40.890069,-74.2588006,Wayne,clothes,Banana Republic,POINT (-74.2588006 40.890069)
606,node,5535080898,40.8896272,-74.2582514,Wayne,clothes,Gap,POINT (-74.25825140000001 40.8896272)
607,node,5535080899,40.8895089,-74.258457,Wayne,clothes,Athleta,POINT (-74.25845700000001 40.8895089)
608,node,5535080900,40.8894462,-74.2585874,Wayne,clothes,AEO & Aerie Store,POINT (-74.2585874 40.8894462)
609,node,5535080901,40.8894172,-74.2587623,Wayne,clothes,J.Crew,POINT (-74.2587623 40.8894172)
610,node,5535114150,40.8884409,-74.2587477,Wayne,clothes,Zumiez,POINT (-74.2587477 40.8884409)
611,node,5535114152,40.8885466,-74.2590308,Wayne,clothes,PacSun,POINT (-74.25903080000001 40.8885466)
612,node,5535114153,40.8886246,-74.2591456,Wayne,clothes,Charlotte Russe,POINT (-74.2591456 40.8886246)
613,node,5535114154,40.888714,-74.2593005,Wayne,clothes,Journeys,POINT (-74.25930049999999 40.888714)
614,node,5535114155,40.8889972,-74.259397,Wayne,clothes,SNAP PHOTO,POINT (-74.25939700000001 40.8889972)
615,node,5535114156,40.8885088,-74.2595402,Wayne,clothes,Hot Topic,POINT (-74.2595402 40.8885088)
616,node,5535114159,40.8882621,-74.259134,Wayne,clothes,Lids,POINT (-74.259134 40.8882621)
617,node,5535114160,40.8880469,-74.2591989,Wayne,clothes,Hollister Co.,POINT (-74.2591989 40.8880469)
618,node,5535114161,40.8881073,-74.2588509,Wayne,clothes,H&M,POINT (-74.2588509 40.8881073)
619,node,5539320301,40.9109224,-74.2445272,Wayne,clothes,Hanes Drive Outlet,POINT (-74.24452719999999 40.9109224)
620,node,5541206334,40.6999318,-73.906587,,clothes,Julie Kaye Inc,POINT (-73.906587 40.6999318)
621,node,5541524936,40.7001104,-73.9130141,,clothes,Le Point Value Thrift,POINT (-73.9130141 40.7001104)
622,node,5548912146,40.8322453,-73.8656258,,clothes,Dante's Tuxedos,POINT (-73.8656258 40.8322453)
623,node,5549150582,40.6805315,-73.9775117,,clothes,Eleven Vintage Boutique,POINT (-73.97751169999999 40.6805315)
624,node,5551433942,40.7003576,-73.9027975,Ridgewood,clothes,Pants Pantry,POINT (-73.90279750000001 40.7003576)
625,node,5552551405,40.8306385,-73.8618904,,clothes,Fatema,POINT (-73.86189039999999 40.8306385)
626,node,5555271891,40.6779901,-73.9795572,,clothes,Bhoomki,POINT (-73.9795572 40.6779901)
627,node,5557460834,40.7003444,-73.9011233,,clothes,XIOS America,POINT (-73.90112329999999 40.7003444)
628,node,5559805463,40.7006347,-73.9022052,,clothes,The Children's Place,POINT (-73.9022052 40.7006347)
629,node,5559818650,40.7006397,-73.9024998,,clothes,Carter's,POINT (-73.9024998 40.7006397)
630,node,5559819778,40.7006556,-73.9027508,,clothes,New York & Company,POINT (-73.90275080000001 40.7006556)
631,node,5560608152,40.7003628,-73.9051443,,clothes,Torrid,POINT (-73.9051443 40.7003628)
632,node,5560616887,40.7000693,-73.9052621,,clothes,Mandee,POINT (-73.9052621 40.7000693)
633,node,5562952068,40.6799286,-73.9779164,,clothes,Dearest,POINT (-73.9779164 40.6799286)
634,node,5562952070,40.6811008,-73.9774511,,clothes,Life Boutique Thrift,POINT (-73.9774511 40.6811008)
635,node,5564515181,40.7000131,-73.9055438,,clothes,Rainbow Shops,POINT (-73.9055438 40.7000131)
636,node,5567554546,40.6997515,-73.9079215,,clothes,Ricky's Sportswear,POINT (-73.9079215 40.6997515)
637,node,5589310921,40.6797119,-73.9679061,,clothes,O.N.A,POINT (-73.96790609999999 40.6797119)
638,node,5591304781,40.6174526,-73.9916606,,clothes,Flynn O'Hara Uniforms,POINT (-73.9916606 40.6174526)
639,node,5593246266,40.6169439,-73.9921772,,clothes,A & M Suit Warehouse,POINT (-73.9921772 40.6169439)
640,node,5594544304,40.7115073,-73.9469576,,clothes,L Train Vintage,POINT (-73.9469576 40.7115073)
641,node,5597422124,40.7081506,-73.8681369,,clothes,Gymboree,POINT (-73.8681369 40.7081506)
642,node,5599511725,40.7478596,-73.9894889,,clothes,Nordstrom Rack,POINT (-73.9894889 40.7478596)
643,node,5600702498,40.6775984,-73.9798255,,clothes,taeg,POINT (-73.9798255 40.6775984)
644,node,5610372564,40.7100243,-73.8989428,,clothes,R & M Children's Boutique,POINT (-73.8989428 40.7100243)
645,node,5615892339,40.7331921,-73.8632155,Rego Park,clothes,Mandee,POINT (-73.8632155 40.7331921)
646,node,5625730207,40.7788852,-73.9536572,,clothes,Banana Republic,POINT (-73.95365719999999 40.7788852)
647,node,5625774802,40.681039,-73.9761944,,clothes,V Curated,POINT (-73.9761944 40.681039)
648,node,5625774808,40.6799001,-73.9752931,,clothes,Almost New Vintage,POINT (-73.9752931 40.6799001)
649,node,5625774816,40.6809173,-73.9758667,,clothes,A. Cheng,POINT (-73.9758667 40.6809173)
650,node,5627103838,40.720887,-73.9889462,,clothes,Orchard Corset Center,POINT (-73.9889462 40.720887)
651,node,5627227251,40.7048003,-73.9196815,,clothes,Surya Clothing,POINT (-73.9196815 40.7048003)
652,node,5628822722,40.7231085,-73.9584195,,clothes,Suit Supply,POINT (-73.95841950000001 40.7231085)
653,node,5638109021,40.7577938,-73.9906694,,clothes,Kaufman Army Navy,POINT (-73.9906694 40.7577938)
654,node,5640393960,40.7010368,-73.9075066,,clothes,Madison New York,POINT (-73.9075066 40.7010368)
655,node,5640415472,40.7083432,-73.9218536,,clothes,28 Scott Vintage,POINT (-73.92185360000001 40.7083432)
656,node,5641806487,40.7232009,-73.9008861,,clothes,On the Road Again Corporation,POINT (-73.90088609999999 40.7232009)
657,node,5642396073,40.7259135,-74.0009624,,clothes,Happy Socks,POINT (-74.00096240000001 40.7259135)
658,node,5642403104,40.7256432,-74.0012067,,clothes,La Perla,POINT (-74.0012067 40.7256432)
659,node,5642405234,40.7249867,-74.0017924,,clothes,PINKO,POINT (-74.0017924 40.7249867)
660,node,5642418027,40.7264515,-74.0005568,,clothes,Séraphine,POINT (-74.0005568 40.7264515)
661,node,5657099775,40.6815777,-73.9768047,,clothes,La Belle Boutique,POINT (-73.9768047 40.6815777)
662,node,5673620477,40.6719257,-73.9771924,,clothes,Encore Boutique,POINT (-73.97719240000001 40.6719257)
663,node,5673620479,40.6718893,-73.9772243,,clothes,Lou,POINT (-73.9772243 40.6718893)
664,node,5673794429,40.6697625,-73.986015,,clothes,Square Stores,POINT (-73.98601499999999 40.6697625)
665,node,5676615631,40.6809996,-73.9750134,,clothes,Vinnies,POINT (-73.97501339999999 40.6809996)
666,node,5676615639,40.6816935,-73.9759865,,clothes,Versailles,POINT (-73.9759865 40.6816935)
667,node,5676615648,40.6818028,-73.9760699,,clothes,Mondini,POINT (-73.9760699 40.6818028)
668,node,5687619159,40.7459892,-73.8840404,,clothes,Dieer Inc,POINT (-73.8840404 40.7459892)
669,node,5693958725,40.6852218,-73.9143001,,clothes,Rainbow,POINT (-73.91430010000001 40.6852218)
670,node,5697442427,40.8946895,-74.2301533,,clothes,Mandee,POINT (-74.2301533 40.8946895)
671,node,5697442437,40.8944731,-74.2266098,,clothes,DXL,POINT (-74.22660980000001 40.8944731)
672,node,5697442440,40.8944731,-74.2263284,,clothes,Scrubs & Beyond,POINT (-74.2263284 40.8944731)
673,node,5709849142,40.6731562,-73.9831748,,clothes,Bird,POINT (-73.9831748 40.6731562)
674,node,5712388433,40.737526,-73.9922433,,clothes,Aritzia,POINT (-73.9922433 40.737526)
675,node,5712391605,40.7575576,-73.978169,,clothes,Aritzia,POINT (-73.97816899999999 40.7575576)
676,node,5712394041,40.7228499,-73.9987477,,clothes,Aritzia,POINT (-73.9987477 40.7228499)
677,node,5714318113,40.7624232,-73.9682627,,clothes,Zara,POINT (-73.9682627 40.7624232)
678,node,5714319343,40.7621956,-73.9683817,,clothes,Banana Republic,POINT (-73.96838169999999 40.7621956)
679,node,5721456349,40.6927935,-73.9121153,,clothes,B & B Clothing,POINT (-73.9121153 40.6927935)
680,node,5721473860,40.7430708,-73.9203715,,clothes,South Pole Store,POINT (-73.9203715 40.7430708)
681,node,5728049037,40.6722571,-73.8186407,,clothes,Lotus Bazaar,POINT (-73.8186407 40.6722571)
682,node,5734412272,40.7047186,-73.929147,,clothes,Le Point Value Thrift,POINT (-73.929147 40.7047186)
683,node,5735225821,40.7051331,-73.9291373,,clothes,Urban Jungle Vintage and Thrift,POINT (-73.92913729999999 40.7051331)
684,node,5739499075,40.7032467,-73.930525,,clothes,Collections,POINT (-73.930525 40.7032467)
685,node,5743674802,40.7303007,-73.9924155,,clothes,GAP,POINT (-73.99241550000001 40.7303007)
686,node,5743889032,40.6978758,-73.9308812,,clothes,Little Hippie,POINT (-73.9308812 40.6978758)
687,node,5747114362,40.636012,-73.9905274,,clothes,Off the Rack,POINT (-73.9905274 40.636012)
688,node,5747118116,40.6397326,-73.9941859,,clothes,Mrs.K,POINT (-73.99418590000001 40.6397326)
689,node,5754908921,40.7220371,-74.002092,,clothes,Stone Island,POINT (-74.002092 40.7220371)
690,node,5758422842,40.7505081,-73.8641202,,clothes,D'Angelo's,POINT (-73.8641202 40.7505081)
691,node,5758846121,40.7236599,-73.9985283,,clothes,Karl LAGERFELD STORE,POINT (-73.9985283 40.7236599)
692,node,5759167122,40.7374839,-73.9922922,,clothes,Aritzia,POINT (-73.99229219999999 40.7374839)
693,node,5759292179,40.7163982,-73.9594228,,clothes,ID Menswear,POINT (-73.9594228 40.7163982)
694,node,5759306066,40.7175412,-73.9599935,,clothes,ID Menswear,POINT (-73.9599935 40.7175412)
695,node,5760155728,40.7147169,-73.9620379,,clothes,Supreme Brooklyn,POINT (-73.9620379 40.7147169)
696,node,5764225165,40.7450562,-73.9923336,,clothes,Buffalo Exchange,POINT (-73.99233359999999 40.7450562)
697,node,5764228742,40.7295992,-73.9848031,,clothes,Buffalo Exchange,POINT (-73.98480309999999 40.7295992)
698,node,5764254155,40.6881588,-73.9911913,,clothes,Buffalo Exchange,POINT (-73.9911913 40.6881588)
699,node,5764260268,40.7764139,-73.9113767,,clothes,Buffalo Exchange,POINT (-73.91137670000001 40.7764139)
700,node,5764857530,40.7572608,-73.8677022,,clothes,,POINT (-73.8677022 40.7572608)
701,node,5774334190,40.7388991,-73.9912584,,clothes,Madewell,POINT (-73.99125840000001 40.7388991)
702,node,5774339925,40.7395076,-74.0075791,,clothes,Madewell,POINT (-74.0075791 40.7395076)
703,node,5774352546,40.7799845,-73.959661,,clothes,Madewell,POINT (-73.959661 40.7799845)
704,node,5774362415,40.7179219,-73.9591094,,clothes,Madewell,POINT (-73.9591094 40.7179219)
705,node,5774371491,40.7178841,-73.9590403,,clothes,lululemon athletica,POINT (-73.9590403 40.7178841)
706,node,5781151294,40.7800952,-73.9595713,,clothes,lululemon athletica,POINT (-73.95957129999999 40.7800952)
707,node,5781165001,40.7655804,-73.9633446,,clothes,lululemon athletica,POINT (-73.9633446 40.7655804)
708,node,5781175109,40.757368,-73.9777234,,clothes,lululemon athletica,POINT (-73.9777234 40.757368)
709,node,5781183307,40.7378732,-73.9925156,,clothes,lululemon athletica,POINT (-73.9925156 40.7378732)
710,node,5781195212,40.7409651,-74.0058878,,clothes,lululemon athletica,POINT (-74.0058878 40.7409651)
711,node,5781227153,40.7522238,-73.9815331,,clothes,BCBGMAXAZRIA,POINT (-73.98153309999999 40.7522238)
712,node,5781309872,40.7255046,-74.0001212,,clothes,lululemon athletica,POINT (-74.0001212 40.7255046)
713,node,5781319429,40.7254103,-73.9999426,,clothes,lululemon athletica,POINT (-73.9999426 40.7254103)
714,node,5782499559,40.7944593,-73.93554,,clothes,Danny Fashion Casa,POINT (-73.93554 40.7944593)
715,node,5788273496,40.7271105,-73.9956094,,clothes,Hat Club,POINT (-73.99560940000001 40.7271105)
716,node,5796438082,40.7259694,-74.00157,,clothes,The Hat Shop,POINT (-74.00157 40.7259694)
717,node,5799947874,40.7781822,-73.9540867,,clothes,GAP,POINT (-73.9540867 40.7781822)
718,node,5799948691,40.7783501,-73.9540115,,clothes,Urban Outfitters,POINT (-73.95401149999999 40.7783501)
719,node,5799949122,40.7784627,-73.9539386,,clothes,Athleta,POINT (-73.9539386 40.7784627)
720,node,5802138864,40.6922383,-73.991324,,clothes,Tempo,POINT (-73.99132400000001 40.6922383)
721,node,5802813853,40.7739005,-73.9640918,,clothes,Carolina Herrera,POINT (-73.96409180000001 40.7739005)
722,node,5804789754,40.7499584,-73.9886863,,clothes,Target,POINT (-73.9886863 40.7499584)
723,node,5807123472,40.6911271,-73.9860519,,clothes,The Children's Place,POINT (-73.98605190000001 40.6911271)
724,node,5807126561,40.6908994,-73.9855218,,clothes,Rainbow Shops,POINT (-73.9855218 40.6908994)
725,node,5807126562,40.6907026,-73.9850209,,clothes,Old Navy,POINT (-73.98502089999999 40.6907026)
726,node,5807804740,40.6878665,-73.9867918,,clothes,Steven Alan,POINT (-73.98679180000001 40.6878665)
727,node,5808147981,40.7767518,-73.9615463,,clothes,Barbour,POINT (-73.96154629999999 40.7767518)
728,node,5808313096,40.6872983,-73.9862617,,clothes,Iris Lingerie,POINT (-73.9862617 40.6872983)
729,node,5809142477,40.6871066,-73.9857773,,clothes,Kaight,POINT (-73.9857773 40.6871066)
730,node,5809621626,40.6871968,-73.9860047,,clothes,Antler & Woods,POINT (-73.9860047 40.6871968)
731,node,5813254083,40.7395517,-73.9898159,New York,clothes,Jacadi,POINT (-73.9898159 40.7395517)
732,node,5825512054,40.7560508,-73.9860803,,clothes,H&M,POINT (-73.9860803 40.7560508)
733,node,5830803195,40.6666443,-73.9819931,,clothes,Beva,POINT (-73.9819931 40.6666443)
734,node,5830803196,40.6660427,-73.982497,,clothes,Den,POINT (-73.982497 40.6660427)
735,node,5830803202,40.6661881,-73.98238,,clothes,Otto,POINT (-73.98238000000001 40.6661881)
736,node,5849811268,40.745132,-73.9872129,,clothes,260 Sample Sale,POINT (-73.9872129 40.745132)
737,node,5849856422,40.7262076,-73.9995712,,clothes,260 Sample Sale,POINT (-73.99957120000001 40.7262076)
738,node,5849859840,40.7258564,-73.9984596,,clothes,260 Sample Sale ,POINT (-73.9984596 40.7258564)
739,node,5857725252,40.7767658,-73.9827194,,clothes,Capezio,POINT (-73.98271939999999 40.7767658)
740,node,5862766782,40.7384411,-73.992124,,clothes,Athleta,POINT (-73.992124 40.7384411)
741,node,5864437428,40.6871758,-73.9859518,,clothes,Meg,POINT (-73.9859518 40.6871758)
742,node,5873889469,40.6632796,-73.9814869,,clothes,Libra,POINT (-73.98148689999999 40.6632796)
743,node,5881718856,40.733351,-73.8633856,,clothes,Century 21,POINT (-73.8633856 40.733351)
744,node,5881718857,40.7334307,-73.8632055,,clothes,Kohls,POINT (-73.86320550000001 40.7334307)
745,node,5889475671,40.7491914,-73.9859247,,clothes,Banana Republic Factory,POINT (-73.9859247 40.7491914)
746,node,5889476754,40.7490968,-73.9857462,,clothes,Zumiez,POINT (-73.98574619999999 40.7490968)
747,node,5889477215,40.7488021,-73.9850332,,clothes,Bebe,POINT (-73.9850332 40.7488021)
748,node,5891774860,40.6781027,-73.9684933,,clothes,1ofaFind Vintage,POINT (-73.96849330000001 40.6781027)
749,node,5892946810,40.7250081,-73.8212105,,clothes,Eshet Chayil,POINT (-73.82121050000001 40.7250081)
750,node,5892949326,40.7254837,-73.8214728,,clothes,Elzee,POINT (-73.8214728 40.7254837)
751,node,5902961332,40.7811602,-73.9587881,,clothes,Brooks Brothers,POINT (-73.95878810000001 40.7811602)
752,node,5905417719,40.6852999,-73.9811165,,clothes,Notorious,POINT (-73.9811165 40.6852999)
753,node,5905555176,40.6229579,-73.7222089,Cedarhurst,clothes,The Emperor's Old Clothes,POINT (-73.7222089 40.6229579)
754,node,5905555177,40.6230066,-73.7221447,Cedarhurst,clothes,Breezy's,POINT (-73.7221447 40.6230066)
755,node,5905555886,40.6225185,-73.7228261,Cedarhurst,clothes,Legaacy,POINT (-73.72282610000001 40.6225185)
756,node,5905555889,40.6224235,-73.7229605,Cedarhurst,clothes,Petit Chic,POINT (-73.7229605 40.6224235)
757,node,5905555893,40.6222771,-73.7231582,Cedarhurst,clothes,David's Den,POINT (-73.7231582 40.6222771)
758,node,5906325409,40.6212761,-73.7245737,Cedarhurst,clothes,Esti's,POINT (-73.72457369999999 40.6212761)
759,node,5906924494,40.6484402,-73.7907839,,clothes,Porsche Design,POINT (-73.79078389999999 40.6484402)
760,node,5906945688,40.6476684,-73.7919851,,clothes,Brooks Brothers,POINT (-73.79198510000001 40.6476684)
761,node,5906945690,40.6475737,-73.7921908,,clothes,Victoria's Secret,POINT (-73.7921908 40.6475737)
762,node,5906982685,40.647597,-73.7912837,,clothes,Michael Kors,POINT (-73.79128369999999 40.647597)
763,node,5906982686,40.6475716,-73.7911428,,clothes,Hugo Boss,POINT (-73.7911428 40.6475716)
764,node,5907394831,40.620726,-73.7253162,Cedarhurst,clothes,Vendome 2,POINT (-73.72531619999999 40.620726)
765,node,5907394845,40.6200435,-73.726261,Cedarhurst,clothes,{9} New York,POINT (-73.72626099999999 40.6200435)
766,node,5907394847,40.6201181,-73.7261487,Cedarhurst,clothes,Mezzo,POINT (-73.7261487 40.6201181)
767,node,5907394856,40.6203598,-73.7258199,Cedarhurst,clothes,,POINT (-73.7258199 40.6203598)
768,node,5907394859,40.6204099,-73.7257529,Cedarhurst,clothes,Secret Me,POINT (-73.7257529 40.6204099)
769,node,5907394864,40.6206259,-73.7254672,Cedarhurst,clothes,Suit Central,POINT (-73.7254672 40.6206259)
770,node,5910319471,40.6628675,-73.9847411,,clothes,Homebody Boutique,POINT (-73.98474109999999 40.6628675)
771,node,5912968132,40.6879628,-73.9933775,,clothes,Diane T.,POINT (-73.99337749999999 40.6879628)
772,node,5919252677,40.7272729,-73.9861016,,clothes,Tokio 7,POINT (-73.9861016 40.7272729)
773,node,5919283363,40.7741968,-73.9532449,,clothes,Gentlemen's Resale,POINT (-73.9532449 40.7741968)
774,node,5919768637,40.7243433,-73.9989894,,clothes,A.P.C.,POINT (-73.9989894 40.7243433)
775,node,5919774485,40.7356633,-74.0032819,,clothes,A.P.C.,POINT (-74.0032819 40.7356633)
776,node,5919781332,40.7258619,-73.9928614,,clothes,A.P.C.,POINT (-73.9928614 40.7258619)
777,node,5919800236,40.7351694,-74.0051617,,clothes,A.P.C. Surplus,POINT (-74.0051617 40.7351694)
778,node,5919906699,40.726961,-73.99268,,clothes,C.C. Filson,POINT (-73.99267999999999 40.726961)
779,node,5921473185,40.5963872,-73.980169,,clothes,Telco,POINT (-73.980169 40.5963872)
780,node,5923163685,40.7193932,-74.0005228,,clothes,Reformation,POINT (-74.0005228 40.7193932)
781,node,5923163785,40.7227825,-74.0016565,,clothes,Moussy,POINT (-74.0016565 40.7227825)
782,node,5929771424,40.7536883,-73.9804985,,clothes,COS,POINT (-73.9804985 40.7536883)
783,node,5929781531,40.7239761,-74.0004723,,clothes,COS,POINT (-74.0004723 40.7239761)
784,node,5934969266,40.7200269,-74.0000609,,clothes,Arita,POINT (-74.00006089999999 40.7200269)
785,node,5934969273,40.7194858,-74.0002283,,clothes,M. Crow,POINT (-74.0002283 40.7194858)
786,node,5947691864,40.6181727,-73.7285775,,clothes,Haute Couture,POINT (-73.7285775 40.6181727)
787,node,5947736600,40.6213773,-73.7239746,,clothes,Beverly Mehl,POINT (-73.72397460000001 40.6213773)
788,node,5947750976,40.6211219,-73.7243729,,clothes,AList. By 100% Kids,POINT (-73.72437290000001 40.6211219)
789,node,5947753136,40.6210488,-73.7244621,,clothes,Upper Class Hats,POINT (-73.7244621 40.6210488)
790,node,5947753168,40.6213516,-73.7240136,,clothes,Clementine,POINT (-73.72401360000001 40.6213516)
791,node,5947754024,40.6212044,-73.7242706,,clothes,The Shell Station,POINT (-73.7242706 40.6212044)
792,node,5947754026,40.621314,-73.7241038,,clothes,Nikia,POINT (-73.72410379999999 40.621314)
793,node,5949062216,40.6193568,-73.7272595,Lawrence,clothes,Junee  Jr,POINT (-73.7272595 40.6193568)
794,node,5949062218,40.6194117,-73.7271778,Lawrence,clothes,Junee,POINT (-73.72717780000001 40.6194117)
795,node,5973451189,40.6633932,-73.7269013,,clothes,Burlington Coat Factory,POINT (-73.72690129999999 40.6633932)
796,node,5979734085,40.7600172,-73.9764128,,clothes,Zara,POINT (-73.97641280000001 40.7600172)
797,node,5982230986,40.754007,-73.9816908,,clothes,Mets Clubhouse Shop,POINT (-73.9816908 40.754007)
798,node,5983765786,40.6745263,-73.9820446,,clothes,La Rosa Dancewear & Hosiery,POINT (-73.98204459999999 40.6745263)
799,node,5987486726,40.6829997,-73.9928466,,clothes,Katlan Boutique,POINT (-73.99284659999999 40.6829997)
800,node,5990958680,40.7296392,-73.8234966,,clothes,J & Z Couture,POINT (-73.8234966 40.7296392)
801,node,5991000179,40.7297571,-73.8235732,,clothes,N. Brand 26,POINT (-73.8235732 40.7297571)
802,node,6019991050,40.7182696,-73.8167643,,clothes,Julie Kaye,POINT (-73.8167643 40.7182696)
803,node,6040058086,40.6967735,-74.1785293,,clothes,Tumi,POINT (-74.17852929999999 40.6967735)
804,node,6040058385,40.6948158,-74.1744482,,clothes,Johnston & Murphy,POINT (-74.1744482 40.6948158)
805,node,6040128290,40.6967452,-74.178507,,clothes,Coach,POINT (-74.178507 40.6967452)
806,node,6050167607,40.7090852,-73.9372012,,clothes,Cult Party,POINT (-73.9372012 40.7090852)
807,way,45791844,40.830061,-74.1407237,,clothes,Burlington,POINT (-74.1407237 40.830061)
808,way,193612494,40.7816419,-74.0755849,,clothes,The Designer Outlet Gallery,POINT (-74.0755849 40.7816419)
809,way,241844802,40.6850403,-73.9918439,Brooklyn,clothes,Dear Fieldbinder,POINT (-73.99184390000001 40.6850403)
810,way,241844827,40.6861569,-73.9937886,Brooklyn,clothes,LF Womens Clothing,POINT (-73.9937886 40.6861569)
811,way,247866902,40.7227365,-73.9948058,New York,clothes,Everlane,POINT (-73.99480579999999 40.7227365)
812,way,247915246,40.6825303,-73.9352229,,clothes,The Little Red Boutique,POINT (-73.9352229 40.6825303)
813,way,248153049,40.6868576,-73.9934865,,clothes,Lily,POINT (-73.9934865 40.6868576)
814,way,248239629,40.6664563,-73.9889505,,clothes,Rainbow,POINT (-73.9889505 40.6664563)
815,way,249727999,40.6099287,-73.9572769,,clothes,Conway's,POINT (-73.9572769 40.6099287)
816,way,264487814,40.6811948,-73.9750042,Brooklyn,clothes,Kith,POINT (-73.9750042 40.6811948)
817,way,264645684,40.7390142,-73.9919198,,clothes,White/Black,POINT (-73.99191980000001 40.7390142)
818,way,265301819,40.7504807,-73.9901479,,clothes,crocs,POINT (-73.9901479 40.7504807)
819,way,265302051,40.750288,-73.9901325,,clothes,Old Navy,POINT (-73.9901325 40.750288)
820,way,265302077,40.7501361,-73.9881568,,clothes,Sunglass Hut,POINT (-73.9881568 40.7501361)
821,way,266170564,40.7596793,-73.9802326,,clothes,Nine West,POINT (-73.98023259999999 40.7596793)
822,way,266195296,40.7595247,-73.9613232,,clothes,TJ Maxx,POINT (-73.9613232 40.7595247)
823,way,269247285,40.7771133,-73.9793182,New York,clothes,Vince,POINT (-73.97931819999999 40.7771133)
824,way,269307482,40.783109,-73.9750384,New York,clothes,Polarn O. Pyret,POINT (-73.9750384 40.783109)
825,way,269313810,40.784163,-73.9792232,New York,clothes,Fox's,POINT (-73.97922320000001 40.784163)
826,way,274174814,40.9108833,-74.2442797,Wayne,clothes,Berkshire General Store,POINT (-74.24427970000001 40.9108833)
827,way,275275720,40.8946392,-74.2273193,,clothes,TJ Maxx,POINT (-74.2273193 40.8946392)
828,way,277922833,40.8375494,-74.15327,,clothes,Mandee,POINT (-74.15327000000001 40.8375494)
829,way,278139772,40.791839,-74.0522507,,clothes,Kohl's,POINT (-74.0522507 40.791839)
830,way,278139774,40.793198,-74.0515151,,clothes,TJ Maxx,POINT (-74.0515151 40.793198)
831,way,278728177,40.9243208,-74.086398,,clothes,Dress Barn,POINT (-74.086398 40.9243208)
832,way,280576786,40.7598453,-73.9179283,Astoria,clothes,Children's Place,POINT (-73.9179283 40.7598453)
833,way,280576788,40.7600584,-73.9184776,Astoria,clothes,Game Champ,POINT (-73.9184776 40.7600584)
834,way,280576789,40.7601749,-73.9183832,Astoria,clothes,Gap,POINT (-73.91838319999999 40.7601749)
835,way,280851730,40.7808874,-74.0492605,,clothes,Daffy's,POINT (-74.0492605 40.7808874)
836,way,285137356,40.5906657,-73.9534236,,clothes,Marshall's,POINT (-73.95342359999999 40.5906657)
837,way,317221923,40.8421987,-74.207831,,clothes,Gap,POINT (-74.207831 40.8421987)
838,way,317221925,40.8419796,-74.2077613,,clothes,Valley Girl,POINT (-74.2077613 40.8419796)
839,way,366521853,40.7746796,-74.0351922,,clothes,Old Navy,POINT (-74.0351922 40.7746796)
840,way,366522077,40.7745639,-74.0332389,,clothes,Unique,POINT (-74.0332389 40.7745639)
841,way,377371386,40.7343423,-73.9902122,New York,clothes,Nordstrom Rack,POINT (-73.9902122 40.7343423)
842,way,378392828,40.9209807,-73.7878719,,clothes,Salvation Army,POINT (-73.7878719 40.9209807)
843,way,399158027,40.7478047,-74.0484799,,clothes,Rainbows,POINT (-74.0484799 40.7478047)
844,way,414811934,40.7119171,-73.7906975,Jamaica,clothes,Rainbow,POINT (-73.79069749999999 40.7119171)
845,way,451750973,40.6261724,-73.7399209,,clothes,Marshalls,POINT (-73.7399209 40.6261724)
846,way,451750975,40.6262397,-73.7389017,,clothes,,POINT (-73.7389017 40.6262397)
847,way,491624263,40.8139461,-74.2194272,,clothes,Oasis,POINT (-74.2194272 40.8139461)
848,way,632686087,40.7264996,-74.0379206,,clothes,Landing Gear,POINT (-74.03792060000001 40.7264996)
849,way,632686090,40.72673,-74.0378593,,clothes,Michael Kors,POINT (-74.03785929999999 40.72673)
850,way,632686092,40.7268597,-74.0378052,,clothes,Anna Dall Collection,POINT (-74.03780519999999 40.7268597)
851,way,633151916,40.7277896,-74.0382728,,clothes,H&M,POINT (-74.0382728 40.7277896)
