,poverty_rate_nyc,poverty_rate_boro,poverty_rate,crime_count,crime_count_nyc,crime_count_boro,pop_2010,female_85_over,male_85_over,female_80_84,male_80_84,female_75_79,male_75_79,female_70_74,male_70_74,female_65_69,male_65_69,female_60_64,male_60_64,female_55_59,male_55_59,female_50_54,male_50_54,female_45_49,male_45_49,female_40_44,male_40_44,female_35_39,male_35_39,female_30_34,male_30_34,female_25_29,male_25_29,female_20_24,male_20_24,female_15_19,male_15_19,female_10_14,male_10_14,female_5_9,male_5_9,female_under_5,male_under_5
0,20.5,14.4,24.2,1234,99843,26150,110193,1.011545705,0.514368276,1.1180242,0.514368276,1.171263448,0.888454295,1.9166129140000001,0.935215048,1.9166129140000001,1.356061819,2.502244638,1.9171908480000002,2.44900539,2.384798371,3.407311848,2.899166648,3.247594105,2.9459274,2.981397867,2.852405895,3.14111561,3.039448905,4.738293038,4.348749971,6.388709714,5.70481179,7.027580686,6.078897809,3.8864650760000004,3.6005779330000003,2.182809152,2.15099461,2.02309141,2.104233857,2.2360484,2.525080629
1,20.5,14.4,21.1,2078,99843,26150,115723,1.123982683,0.371816121,0.909890743,0.325339106,0.802844773,0.604201196,1.498643577,0.836586272,1.873304471,1.208402393,2.62262626,2.09146568,3.4789940180000003,2.649189861,3.532517003,3.532253148,3.4789940180000003,3.253391058,3.907177897,3.625207179,3.960700882,2.881574937,4.92411461,4.136454345,5.673436398,4.554747481000001,3.960700882,4.554747481000001,2.836718199,2.556235831,2.569103275,2.9280519519999997,2.9437641689999996,2.6027128459999997,3.4789940180000003,3.811115239
2,20.5,27.5,28.2,1157,99843,20421,52246,0.709651829,0.147931751,0.658962413,0.345174086,1.0644777429999999,0.6903481709999999,1.317924825,0.8875905059999999,1.723440156,0.936901089,1.67275074,1.676559844,2.23033432,1.972423346,3.041364981,2.6134609330000003,3.548259145,2.909324435,3.1427438139999997,2.958635019,3.801706227,3.353119688,3.700327394,3.7969149410000003,3.903085059,4.635194862,4.359289807,5.27623245,3.9537744760000004,4.487263112,3.903085059,4.142089026,3.852395643,4.19139961,4.0044638919999995,4.240710193
3,20.5,27.5,31.4,1378,99843,20421,79762,0.5413506020000001,0.229324699,0.5413506020000001,0.32105457800000003,1.028566145,0.550379277,1.407511566,0.8255689159999999,1.7323219280000002,1.009028675,1.786456988,1.651137831,2.706753012,2.247382048,3.2481036139999997,2.3849768680000003,3.572913976,3.118815904,3.410508795,2.3391119280000003,3.789454217,2.4767067469999997,3.789454217,2.843626265,4.54734506,4.081979639,4.818020361,4.678223856000001,4.65561518,4.999278434,4.005994458,3.715060121,3.9518593969999998,3.89851988,4.54734506,4.540629036
4,20.5,27.5,32.6,2277,99843,20421,146441,0.695102867,0.27918329199999997,0.695102867,0.27918329199999997,0.908980672,0.511836036,1.3902057330000002,0.930610974,1.711022441,1.209794267,2.566533662,1.8146914,2.9408198210000003,2.419588533,3.31510598,2.931424569,3.6893921389999997,3.536321702,3.849800492,2.88489402,3.6893921389999997,2.7453023739999995,3.849800492,3.3967300560000004,3.903269944,3.350199508,4.59837281,4.280810482,4.1706172,3.815504995,4.010208846,3.862035543,3.849800492,4.0481577380000004,3.6893921389999997,4.187749384
5,20.5,27.5,31.4,1513,99843,20421,83268,0.5413506020000001,0.229324699,0.5413506020000001,0.32105457800000003,1.028566145,0.550379277,1.407511566,0.8255689159999999,1.7323219280000002,1.009028675,1.786456988,1.651137831,2.706753012,2.247382048,3.2481036139999997,2.3849768680000003,3.572913976,3.118815904,3.410508795,2.3391119280000003,3.789454217,2.4767067469999997,3.789454217,2.843626265,4.54734506,4.081979639,4.818020361,4.678223856000001,4.65561518,4.999278434,4.005994458,3.715060121,3.9518593969999998,3.89851988,4.54734506,4.540629036
6,20.5,27.5,34.2,1895,99843,20421,128200,0.47888623399999997,0.18716167399999997,0.47888623399999997,0.18716167399999997,0.69172456,0.5146946029999999,1.010982049,0.842227532,1.809125773,1.21655088,2.2880120059999998,1.544083809,3.032946148,2.3395209230000003,3.831089871,3.181748455,3.6714611269999997,3.1349580360000004,3.5118323819999997,3.1349580360000004,3.5650419639999997,2.9010059439999996,4.309976105,3.275329292,4.629233594,3.6496526389999997,4.256766524,4.632251427,4.309976105,3.977185569,3.831089871,3.6496526389999997,3.4054132189999997,4.211137661,4.097137779,4.304718498
7,20.5,27.5,27.6,2035,99843,20421,139286,0.833963144,0.478773035,0.677595055,0.38301842799999997,0.677595055,0.478773035,1.563680896,0.7660368559999999,1.667926289,1.532073711,2.658257523,2.0587240490000003,2.8667483089999997,2.1066013530000003,3.75283415,2.9205155119999997,3.492220667,2.681128995,3.440097971,3.30353394,3.59646606,3.30353394,4.430429205,3.9738161880000002,4.274061115,4.452589223,4.013447632,4.596221133999999,3.023116398,3.44716585,3.335852578,3.5429204569999997,3.59646606,3.2556566360000003,4.274061115,4.596221133999999
8,20.5,27.5,15.5,966,99843,20421,101731,2.371788897,0.8512844409999999,1.3703669180000002,0.803990861,1.5811925980000001,1.087752342,2.002843957,1.276926662,2.688027416,2.459266164,3.267798035,2.506559744,3.531330135,2.695734064,3.267798035,2.506559744,3.373210875,3.310550605,3.0042659360000004,3.215963445,3.478623715,2.601146904,4.058394334,3.830779986,3.7948622339999996,3.4524313460000005,4.058394334,3.310550605,2.582614576,3.074082705,2.529908156,3.026789125,2.7407338360000004,3.026789125,3.056972355,4.256422207
9,20.5,27.5,24.6,2296,99843,20421,172298,0.952191077,0.282602974,0.687693555,0.47100495700000006,1.375387111,0.989110411,1.692784136,1.083311402,2.327578188,1.507215864,3.068171247,2.119522308,3.173970256,2.87313024,3.491367281,3.2499342060000003,3.702965298,3.061532223,3.385568273,2.7318287530000003,3.702965298,3.014431727,3.59716629,3.4383361889999997,4.126161332,4.427446599,4.231960341000001,4.0977431289999995,3.22686976,3.344135197,3.22686976,3.344135197,3.22686976,3.53253718,3.755864803,3.485436685
10,20.5,27.5,13.5,1102,99843,20421,120392,2.036153009,0.7426724170000001,1.928987061,0.881923496,2.089735983,1.578178887,2.250484905,1.7638469909999999,2.893480592,2.1351832,3.482893305,2.877855617,3.697225201,3.063523721,4.286637914,3.2027747989999997,3.911557096,3.4812769560000003,3.107812487,3.3420258780000003,3.161395461,2.924272643,3.054229513,2.785021565,3.161395461,2.59935346,3.804391148,4.131115321,3.00064654,2.738604539,2.679148696,2.738604539,2.6255657219999997,2.785021565,2.4648168,2.645770487
11,20.5,27.5,21.6,1227,99843,20421,113232,1.7148972759999999,0.576400991,1.299164603,0.7685346540000001,1.3511311869999998,0.960668318,1.6109641080000001,1.296902229,2.026696781,1.63313614,2.598329206,2.2575705459999997,3.221928215,2.833971537,3.4297945519999997,3.218238864,3.6896274730000003,3.170205448,3.4817611360000003,3.506439359,3.169961631,3.650539607,4.2612598980000005,3.650539607,4.0014269769999995,4.130873766000001,4.0014269769999995,3.410372527,2.754228958,3.26627228,3.0140618789999998,3.650539607,3.2738948,3.170205448,3.117995047,2.882004953
12,20.5,21.2,17.7,2479,99843,29170,173083,0.9575167529999999,0.446439433,0.755934278,0.396835051,0.8567255159999999,0.545648196,0.9575167529999999,0.69446134,1.612659794,1.339318299,2.217407217,1.73615335,2.5197809280000003,2.08338402,2.267802835,2.4802190719999997,2.267802835,2.529823453,2.7717590210000003,3.174680412,4.132440722,4.613207473,6.400243558,6.845404638,8.012903352,6.944613401,3.9308582480000003,3.422702319,1.9654291240000001,2.4802190719999997,2.267802835,2.529823453,2.570176547,2.8274497419999998,3.9308582480000003,4.464394329
13,20.5,21.2,12.4,1923,99843,29170,99617,0.998843725,0.426863499,0.998843725,0.426863499,0.9462730020000001,0.616580609,1.471980226,1.280590497,1.9451167269999998,1.660024718,2.575965395,1.8971711059999998,2.628536117,2.1343174940000003,2.5233946730000003,2.324034605,3.0491018960000003,3.272620158,3.785092009,3.699483657,4.889077179,4.885215598,7.044476795,6.0235182620000005,6.150774515,4.980074153,3.9953748989999998,3.9840593230000003,2.418253228,1.9446003840000001,1.7348338380000001,2.086888217,2.102828894,2.371463883,3.311955508,3.462337268
14,20.5,21.2,25.2,1625,99843,29170,112634,0.45148102100000004,0.299012653,0.601974695,0.348848095,0.8527974840000001,0.598025305,1.2039493890000001,0.7973670740000001,1.7055949680000002,1.146215169,2.157075989,1.3455569369999998,2.307569663,2.242594895,2.6587215680000003,2.491772106,3.210531705,2.8406202,2.959708915,3.388810064,3.762341842,3.936999927,4.865962115,5.133050538,5.869253272999999,6.7776201270000005,5.367607694,5.43206319,3.0098734730000003,3.2393037369999997,2.759050684,3.2393037369999997,3.0098734730000003,3.139632853,3.4111899360000004,3.4884809480000003
15,20.5,21.2,32.1,3222,99843,29170,182896,0.872800888,0.363599556,0.818250832,0.590849279,0.981900999,0.590849279,1.800151831,0.863548946,1.9638019969999998,1.318048391,2.727502774,2.181597337,3.000253051,2.454297004,3.98215405,2.9087964489999996,3.818503883,2.590646838,3.5457536060000003,2.863346505,3.6003036610000003,2.9996963389999998,3.818503883,2.9087964489999996,4.145804216,3.499645728,4.9095049930000005,3.9541451739999998,3.8730539389999996,3.9086952289999997,3.327553384,3.499645728,3.6003036610000003,3.6359955619999997,3.763953828,4.272294785
16,20.5,21.2,28.4,1129,99843,29170,126230,0.684918617,0.30646345,0.733841376,0.561849658,0.978455167,0.6129269,1.076300684,0.817235866,1.418759993,1.174776558,2.152601368,2.043089665,2.4950606769999997,2.451707598,3.033211019,3.064634498,3.2778248110000003,3.371097948,3.522438602,3.626484156,4.354125495,4.596951747,3.8648979110000004,5.056646922,4.990121353,5.61849658,3.7181296360000005,3.8818703639999996,2.7396744689999997,2.5538620819999998,2.641828952,3.1667889810000003,3.3267475689999997,3.9840248469999997,3.8648979110000004,4.086179331
17,20.5,21.2,22.7,1363,99843,29170,96317,1.085846424,0.36566143100000004,0.8686771390000001,0.36566143100000004,1.140138745,0.731322861,1.5201849930000002,0.9141535759999999,2.063108205,1.55406108,2.714616059,2.102553225,3.20324695,2.559630014,3.8547548039999997,2.3767992980000003,2.986077665,2.925291444,3.746170162,3.3823682319999997,4.343385695,3.47378359,5.700693725,4.753598597,5.9178630089999995,5.210675385,4.017631768,3.47378359,2.714616059,2.970999123,2.714616059,2.1482609040000002,2.660323738,2.513922335,2.986077665,3.885152699
18,20.5,21.2,23.1,1345,99843,29170,98429,1.246911038,0.45786476600000003,1.084270468,0.6867971490000001,1.301124561,0.8241565790000001,1.734832748,1.0530889620000001,2.764889693,1.556740205,3.03595731,2.1061779240000003,3.469665497,2.609829167,3.68651959,2.792975073,3.19859788,2.289323831,3.03595731,2.655615644,3.415451973,3.021907456,4.716576535,3.846064036,4.825003581,4.853366521,4.066014254,4.349715278,2.7106761689999996,2.83876155,3.252811403,2.97612098,2.9817437860000005,3.159266886,3.632306067,3.800277559
19,20.5,21.2,23.2,1119,99843,29170,181981,1.579782667,0.8827068379999999,1.375939742,0.83366757,1.324979011,1.22598172,1.732664861,1.5202173330000002,2.242272173,2.0106100209999997,3.1086046030000003,2.84427759,3.5162904530000003,3.1875524719999997,3.6691726460000003,3.530827354,3.5162904530000003,3.138513203,3.465329722,3.432748816,3.41436899,3.2365917410000002,3.974937034,4.168337848,4.22974069,4.266416385,3.2105260660000003,3.2365917410000002,2.598997291,2.6971597839999997,2.242272173,2.795238322,2.54803656,3.0404346660000003,3.261486797,2.942356128
20,20.5,21.2,23.3,1424,99843,29170,160664,1.171313545,0.561101703,1.011588971,0.561101703,1.171313545,0.841652554,1.4907626930000002,1.122203406,2.23614404,1.823580534,3.034766912,2.571716138,3.2477330110000002,2.478199187,3.407457585,2.992542415,3.0880084360000004,2.94578394,3.726906734,2.852266989,3.5671821589999997,3.5536441180000002,4.152838932,3.319851742,4.312563506,3.92771192,4.152838932,3.5536441180000002,3.034766912,3.03930089,3.46069911,2.992542415,3.46069911,3.506885643,3.5671821589999997,4.067987345
21,20.5,21.2,19.8,1182,99843,29170,159650,1.92437416,1.055777527,1.300252811,0.911807864,1.5603033730000002,1.247737077,1.92437416,1.679646065,2.8085460710000003,2.399494379,3.2766370830000002,3.023362917,3.7967382069999998,3.35929213,3.744728095,3.263312355,3.43266742,3.407282018,3.172616858,2.927383142,3.2766370830000002,3.119342692,3.380657308,3.407282018,3.536687645,3.215322467,2.964576408,3.215322467,2.600505621,2.7834134789999996,2.912566296,2.831403367,3.0685966330000003,2.7834134789999996,3.380657308,3.311302243
22,20.5,21.2,28.6,1583,99843,29170,86468,0.512300095,0.258466604,0.967677957,0.17231106899999998,1.024600189,0.6030887420000001,1.309211353,1.076944182,2.2199670769999997,1.42156632,2.447656008,1.5077218540000001,3.187645033,2.153888363,3.8707118260000004,2.627743803,4.0414785239999995,2.498510501,3.927634059,2.498510501,4.212245223,2.369277199,3.8707118260000004,2.541588269,5.009156481000001,3.4462213810000004,4.0414785239999995,4.178543424,4.0414785239999995,3.5754546830000002,4.15532299,4.135465657,3.699945128,3.747765752,4.326089688,4.350854494
23,20.5,21.2,20.5,1997,99843,29170,155252,1.181478796,0.52486926,1.012696111,0.612347469,1.6878268509999999,1.0059994140000001,1.9691313259999998,1.618346883,2.9818274369999997,1.837042408,3.7132190730000003,2.5368680880000003,3.656958178,2.493128983,4.050784443,2.843041822,4.275828023,2.755563612,4.332088918,2.7993027169999998,3.600697283,2.8867809269999998,3.994523548,2.843041822,4.163306233,3.192954662,3.769479968,3.2366937669999998,3.3756537019999997,3.367911082,2.869305647,2.9742591369999998,2.362957592,3.192954662,3.319392807,3.017998242
24,20.5,21.2,15.7,1977,99843,29170,193543,1.245632131,0.550104975,0.9206846190000001,0.595947056,1.191474213,0.779315381,1.8413692380000002,1.146052031,2.437106344,2.017051575,3.736896394,2.658840712,4.061843907,3.3464719310000004,4.2784755819999996,3.254787768,3.953528069,3.071419443,3.6827384760000004,2.612998631,3.3577909630000002,2.750524874,3.411948882,3.208945687,3.5202647189999996,3.392314012,3.736896394,3.621524418,3.3036330439999997,3.667366499,3.5202647189999996,3.300629849,3.0870013689999998,3.071419443,2.870369694,2.7963669560000004
25,20.5,18.4,14.7,853,99843,21046,116431,2.076178201,1.05810199,1.24570692,0.9619109,1.557133651,1.010006445,2.128082656,1.8757262540000001,2.750936116,2.645254974,3.477598486,3.3185926039999996,4.100451947,3.462879239,4.619496497,3.943834688,3.5814073960000004,3.559070329,3.789025216,3.607165873,3.321885121,3.366688149,3.218076211,2.9819237889999997,3.4256940310000004,3.0781148789999997,2.750936116,2.356681704,2.595222751,2.308586159,2.543318296,2.741446064,2.439509386,2.741446064,2.335700476,3.126210424
26,20.5,18.4,21.8,1046,99843,21046,113200,0.84893287,0.35043940700000004,0.7490584140000001,0.550690496,1.04868178,0.951192675,1.498116829,1.05131822,2.247175243,1.652071488,2.5967358369999998,2.403013074,2.8963592019999997,2.653326936,3.14604534,3.404268521,3.14604534,3.704645156,3.745292072,4.655837831,4.444413259,5.356716644,5.642906722,5.556967734,5.393220584,4.906151693,2.94629643,3.2040174319999997,2.197238016,1.9524481230000001,1.8476774219999998,2.453075846,2.696610292,2.302887529,2.8963592019999997,2.95370357
27,20.5,18.4,25.6,1851,99843,21046,171576,0.9159302779999999,0.414345146,1.0123439920000001,0.414345146,0.964137135,0.932276579,1.4944125590000001,1.139449152,1.92827427,1.3984148680000001,2.603170264,1.968139444,2.554963407,2.9522091660000003,3.085238832,3.055795452,3.326273115,4.14345146,3.2298594019999998,4.091658317,3.470893686,4.195244604,4.00116911,5.490073185,4.29041025,5.386486898999999,3.808341683,4.247037747,2.699583978,2.641450306,2.554963407,2.641450306,2.9406182610000005,3.1593817389999996,3.374479972,3.470140598
28,20.5,18.4,19.5,1369,99843,21046,169190,1.389239361,0.534013593,1.0805195029999999,0.582560284,1.2863327420000001,0.9223871159999999,1.492145981,1.359307329,2.212492316,1.8447742319999998,3.1386518910000003,2.621521277,3.395918439,3.2526282510000004,3.5502783680000003,3.495361703,3.4473717489999998,3.5924550839999996,3.5502783680000003,3.738095154,3.9619048460000004,3.6895484639999996,4.064811465,3.738095154,3.858998226,3.980828606,3.3444651289999996,3.301174942,2.8813853419999997,2.961348109,3.0871985810000004,2.621521277,2.829932033,2.9128014189999996,2.8813853419999997,3.398268322
29,20.5,18.4,24.4,1914,99843,21046,247354,1.9277512330000002,0.862175076,1.615142925,1.197465383,1.771447079,1.293262614,2.084055387,1.724350152,2.6571706180000003,2.299133536,3.490792772,3.1134099969999998,4.011806619,3.49659892,4.063908004,3.879787842,3.80340108,3.6402947660000002,3.80340108,3.065511382,3.073981695,3.49659892,3.542894157,3.161308612,3.6991983110000004,3.927686458,3.073981695,3.1134099969999998,2.084055387,2.490727998,2.24035954,2.107539075,2.500866464,2.4428293819999998,2.6571706180000003,2.634423844
30,20.5,18.4,19.8,1326,99843,21046,122396,1.142390374,0.624951143,0.8827561979999999,0.5288048129999999,1.194317209,0.961463297,1.60973189,1.153755956,2.336707582,2.1152192530000002,2.9079027689999997,2.88438989,4.1541468130000005,3.413194704,4.102219978,3.845853187,3.842585802,3.557414198,3.6348784610000004,3.3651215389999996,3.167536945,3.557414198,3.7387321310000003,3.028609385,3.6348784610000004,3.605487363,3.998366307,3.461267869,2.7001954280000002,3.3651215389999996,3.11561011,3.07668255,2.855975934,2.7401703960000003,2.9079027689999997,2.7401703960000003
31,20.5,18.4,21.0,2967,99843,21046,225919,1.124923018,0.46432237200000004,1.017787493,0.557186847,1.33919407,0.789348033,1.874871697,1.067941456,2.356981562,1.625128303,2.6248203759999997,2.135882912,3.589040106,2.878798707,4.124717734,3.296688842,4.0175822089999995,3.250256605,3.696175632,3.064527656,3.428336818,2.878798707,3.696175632,3.4359855539999997,3.964014446,3.66814674,3.696175632,3.807443452,3.428336818,3.5752822660000003,3.106930241,3.482417791,2.9997947160000002,2.925230945,3.428336818,3.5288500289999996
32,20.5,14.4,9.5,1881,99843,26150,209084,1.910727234,1.089787039,1.255620754,0.771932486,1.528581788,1.362233799,2.456649301,1.907127319,3.384716815,2.406613045,3.6576778489999997,2.9060987710000004,3.712270055,2.815283185,3.603085642,3.405584498,3.712270055,3.723439051,3.930638882,3.7688468439999996,4.367376536,3.4509922910000004,4.967890809,4.222924777,5.350036256,4.313740364,2.402057095,1.362233799,1.419397374,1.4076415919999998,2.0199116480000003,1.589272766,1.8561350280000002,1.9525351119999999,3.111755782,2.951506565
33,20.5,14.4,8.8,2369,99843,26150,90016,0.907228562,0.44638571899999996,0.806425388,0.595180959,0.806425388,0.793574612,1.41124443,1.339157157,2.318472992,1.934338116,2.822488859,2.678314314,2.318472992,2.479920661,2.3688745780000002,2.92630638,2.520079339,3.07510162,3.528111074,3.8190778180000002,4.284134876,5.108636562,6.804214214,6.596588959,8.165057057,7.2909667439999994,4.082528529,2.975904794,2.217669818,2.0335349419999997,1.108834909,1.339157157,1.6128507769999998,1.5871492230000002,2.318472992,2.628715901
34,20.5,14.4,20.1,2008,99843,26150,190020,1.4330191419999998,0.537028194,0.921226592,0.48820744899999996,1.228302122,0.683490429,1.5865569080000002,1.513443092,2.149528714,1.562263837,2.968396795,2.929244695,3.4801893460000004,2.636320225,3.275472325,2.88042395,3.4801893460000004,3.417452144,3.12193456,3.270989909,3.7360856210000004,3.759197358,4.350236682,4.784433002,5.271463273999999,5.66320641,4.4014159369999994,4.589150022,2.661321264,2.68514097,1.9959909480000002,2.294575011,2.149528714,2.245754266,2.91721754,2.97806544
35,20.5,14.4,10.3,4989,99843,26150,51673,0.9172405020000001,0.36206928899999996,0.772413055,0.6724143929999999,1.206895398,1.034483682,1.496550293,1.13793205,2.220687532,2.120691548,2.703445691,2.53448502,2.94482477,3.568968702,2.317239164,3.41379615,2.462066611,3.982762175,2.896548955,5.5344876979999995,4.055168536,5.275866777,6.2758560679999995,7.189661589,7.627578914,6.827592299999999,4.489650879,3.620692886,1.689653557,0.87931113,1.30344703,0.6724143929999999,1.110343766,1.3448287859999999,1.7862051890000001,1.6034497069999998
36,20.5,14.4,11.0,1617,99843,26150,142745,1.528656089,0.817292514,1.310276647,0.8626976540000001,1.80163039,1.589179889,2.456768714,1.40755933,2.8389327360000003,1.9524210069999999,3.111907038,2.134041565,2.675148155,2.9967392189999997,3.0027173169999997,3.178359778,2.9481224569999998,2.90592894,3.111907038,2.9967392189999997,3.166501898,3.677816315,5.8416500529999995,5.721047601,9.226531393,6.9469863720000005,6.278408936,3.314575197,1.856225251,1.180533632,0.7097331840000001,0.908102794,0.873517765,1.044318213,1.910820111,1.7708004480000001
37,20.5,14.4,22.7,1990,99843,26150,120511,1.3334538790000001,0.5599421379999999,1.226777569,0.5599421379999999,1.600144655,0.746589517,1.866835431,0.886575052,2.080188051,1.1665461209999999,2.9869366889999998,2.193106708,2.8802603789999996,2.566401466,3.20028931,2.79971069,3.466980085,2.939696225,3.52031824,2.566401466,3.680332706,2.89303438,4.640419499,4.479537105,5.227139206,5.272788467,4.3203905680000005,4.106242346,3.41364193,3.592962053,2.773584068,3.639623898,2.453555137,2.566401466,2.6669077580000002,3.07968176
38,20.5,14.4,19.1,2452,99843,26150,163277,1.6523998290000002,0.8221625909999999,1.187662377,1.015612612,1.6523998290000002,1.015612612,2.220412271,1.547600171,2.220412271,1.789412697,3.459712142,2.563212783,2.6851497230000003,2.853387815,3.253162164,3.095200342,3.6146246260000003,3.4337378789999997,3.459712142,3.288650363,3.511349637,4.207537964,4.389187046,4.98133805,6.144861865,5.80350064,4.2342745619999995,3.917362932,3.3047996580000003,2.80502531,2.065499787,1.45087516,1.187662377,1.982862719,1.394212356,1.789412697
39,20.5,21.2,18.9,857,99843,29170,124491,1.59945728,0.62925985,1.393075696,0.8228782659999999,1.393075696,1.113305889,1.805838865,1.50054272,2.631365203,1.8393749469999998,2.837746787,2.7590624210000003,3.147319164,3.339917667,3.714868521,3.4851314789999996,3.6116777289999997,3.3883222710000003,3.560082333,3.533536082,3.86965471,3.5819406860000003,3.86965471,4.017582121,4.076036294,4.065986725,2.734555995,3.00108544,2.889342183,2.517039401,2.52817441,2.37182559,2.786151391,3.0494900439999997,3.147319164,3.339917667
40,20.5,15.6,20.7,1678,99843,3056,175756,1.234639347,0.33989685700000005,0.8745362040000001,0.6797937140000001,1.0803094290000002,0.825463796,1.4404125719999998,1.019690571,2.1606188580000003,1.89371106,2.829381838,2.573504774,3.292371593,3.0105150189999996,3.60103143,3.3504118760000003,3.7039180419999997,3.204741794,3.3952582060000003,3.253298488,3.343814899,3.204741794,3.4467015119999997,3.447525264,3.498144818,3.6417520389999996,3.8582479610000004,3.884535508,3.240928287,3.738865427,3.4467015119999997,3.253298488,3.5495881239999996,3.496081958,3.4467015119999997,3.690308733
41,20.5,14.4,7.1,1948,99843,26150,219920,1.738580044,1.010085774,1.62641359,1.1418360920000001,2.075079408,1.361419956,2.355495544,2.195838638,3.477160088,2.4154225019999997,3.813659452,2.239755411,2.804161362,2.722839912,3.196743952,2.766756685,3.02849427,2.898507003,3.925825906,3.1620076389999996,4.486658178,3.9525095489999997,6.225238223,4.43559405,7.29081954,4.347760504,2.411578771,1.668837365,1.177747772,1.054002546,1.62641359,1.668837365,2.243329089,1.976254775,2.6919949069999998,2.898507003
42,20.5,27.5,28.2,2331,99843,20421,91497,0.709651829,0.147931751,0.658962413,0.345174086,1.0644777429999999,0.6903481709999999,1.317924825,0.8875905059999999,1.723440156,0.936901089,1.67275074,1.676559844,2.23033432,1.972423346,3.041364981,2.6134609330000003,3.548259145,2.909324435,3.1427438139999997,2.958635019,3.801706227,3.353119688,3.700327394,3.7969149410000003,3.903085059,4.635194862,4.359289807,5.27623245,3.9537744760000004,4.487263112,3.903085059,4.142089026,3.852395643,4.19139961,4.0044638919999995,4.240710193
43,20.5,18.4,21.8,1128,99843,21046,143317,0.8680806190000001,0.293618605,0.5616992239999999,0.440427907,1.021271317,0.782982946,1.3787162780000002,1.027665117,1.9404155019999998,1.6638387609999998,2.6553054240000002,2.642567444,3.370195346,3.082995351,3.5233860439999996,3.3766139560000004,4.0340217019999995,3.768105429,3.778703873,3.082995351,3.421258912,3.621296127,3.625513175,3.865978298,4.1872124,4.0127876,4.0340217019999995,4.110660469,3.2170046489999997,3.523423259,3.063813951,3.034058917,2.9616868189999996,3.2787410880000003,3.421258912,3.3276775219999997
44,20.5,18.4,19.5,2258,99843,21046,191105,1.113111812,0.444636077,1.011919829,0.69165612,1.315495777,0.938676163,1.619071726,1.284504223,2.023839658,1.5809282740000001,2.378011598,2.223180385,2.782779529,2.371392411,2.934567504,3.013644522,3.288739444,3.260664565,3.3899314260000004,3.8041086589999997,4.250063281,4.5945727960000005,5.717347032999999,6.027289044,6.931650827,6.471925121,3.8958913410000005,3.853512668,2.12503164,2.173776377,1.973243666,2.173776377,1.7708596999999997,1.9761603419999998,2.12503164,2.470200428
45,20.5,18.4,27.0,1467,99843,21046,172598,0.76821953,0.36390395600000003,0.9602744120000001,0.571849073,1.3443841769999998,0.7278079120000001,1.3443841769999998,1.195684426,2.304658589,1.455615823,2.688768353,2.235410014,2.8808232360000003,2.755272808,2.8808232360000003,3.1711630439999996,3.072878118,3.898970955,4.03315253,4.210888632,3.937125089,4.4708200289999995,4.225207412,4.8867102639999995,3.649042765,4.990682823,3.21691928,4.210888632,2.544727192,2.755272808,2.40068603,2.8592453669999998,2.592740912,3.5350669989999997,3.1689055589999997,3.7430121169999997
46,20.5,18.4,14.7,619,99843,21046,113257,2.421479793,1.089260104,1.789789412,0.9945418340000001,1.895071142,1.326055778,2.3161980630000003,1.7522879930000002,2.6846841180000003,2.178520207,3.3690153639999996,2.9362663660000003,3.790142284,3.504575985,3.5269379589999996,3.4098577160000003,3.4742970939999998,3.4098577160000003,3.790142284,3.457216851,4.57975526,4.02552647,4.57975526,3.9308082000000004,3.6848605539999997,3.4098577160000003,1.7371485469999999,2.178520207,1.6845076819999998,1.5154923180000002,1.789789412,2.225879342,2.263557198,2.794188961,3.263733634,3.2204211760000003
47,20.5,18.4,22.3,1124,99843,21046,151107,1.420248086,0.710973285,0.999433838,0.853167943,1.052035619,0.9953626,1.7358587719999998,1.4219465709999999,2.630089049,2.085521637,3.3139122010000004,2.654300266,3.8925317919999998,3.270477113,3.682124668,3.41267177,3.524319325,2.8438931419999998,3.2087086389999997,3.602264646,3.682124668,2.701698485,3.3139122010000004,3.6970610839999996,4.155540697,3.365273551,3.8399300110000003,3.791857522,3.103505077,3.1282824560000004,2.419681925,2.654300266,2.998301515,2.8438931419999998,3.524319325,3.507468208
48,20.5,14.4,8.8,1109,99843,26150,60978,0.907228562,0.44638571899999996,0.806425388,0.595180959,0.806425388,0.793574612,1.41124443,1.339157157,2.318472992,1.934338116,2.822488859,2.678314314,2.318472992,2.479920661,2.3688745780000002,2.92630638,2.520079339,3.07510162,3.528111074,3.8190778180000002,4.284134876,5.108636562,6.804214214,6.596588959,8.165057057,7.2909667439999994,4.082528529,2.975904794,2.217669818,2.0335349419999997,1.108834909,1.339157157,1.6128507769999998,1.5871492230000002,2.318472992,2.628715901
49,20.5,21.2,24.7,2880,99843,29170,152985,0.690262609,0.328320134,0.743359732,0.37522301,1.008845351,0.46902876299999996,1.380525217,0.8911546490000001,1.7522050830000002,1.360183411,2.389370568,1.641600669,3.132730301,2.063726555,3.026536053,2.720366823,3.026536053,2.720366823,3.185827425,2.720366823,3.663701538,3.2362984619999997,4.725644013,4.0805502339999995,5.522100869,4.784093378000001,4.831838261000001,3.9867444819999998,3.026536053,3.4239099669999997,3.3982159189999996,3.3770070910000003,3.3982159189999996,4.0336473580000005,4.194672776,4.64338475
50,20.5,27.5,22.8,2244,99843,20421,152344,0.9783330309999999,0.410833485,1.087036701,0.54777798,1.3587958759999998,0.867315134,1.739258721,1.186852289,2.228425236,1.7346302690000002,2.826295422,2.145463753,3.478517442,2.7845380630000003,4.130739463,3.514908702,3.913332123,3.149723383,3.913332123,3.058427053,3.424165607,2.419352743,3.532869277,2.967130723,4.402498638,2.8758343930000003,4.239443133,4.108334847,3.424165607,3.8800940219999998,3.2067582669999997,3.149723383,3.152406432,3.241019712,3.315461937,3.560556867
51,20.5,21.2,9.0,1135,99843,29170,104709,0.884642395,0.28777327199999997,0.728529031,0.431659909,0.728529031,0.719433181,1.196869123,1.007206453,1.76928479,1.6786774219999998,2.758002761,2.1103373309999998,2.653927185,2.637921663,2.653927185,2.589959451,3.434494004,3.549203693,4.215060823,4.364561298,5.411929946,5.371767751,6.973063584,6.426936416,5.932307825,4.89214563,2.653927185,2.014412907,1.76928479,1.726639634,1.925398154,1.9184884819999999,2.705964973,2.541997239,3.590607368,3.741052541
52,20.5,21.2,24.2,934,99843,29170,104278,2.409964941,1.221157877,2.409964941,1.266385947,2.683824593,1.809122781,2.683824593,1.89957892,3.395859689,2.442315754,4.217438647,3.211192936,3.888807064,3.030280658,3.779263203,2.9398245189999996,3.395859689,2.668456102,3.067228107,2.668456102,3.067228107,2.668456102,3.012456176,2.442315754,3.012456176,3.7087017010000003,3.067228107,3.165964867,2.519508802,2.532771893,2.35519301,2.442315754,2.683824593,2.487543824,3.122000037,2.5779999630000003
53,20.5,21.2,28.2,996,99843,29170,191382,1.384439929,0.707780035,0.939441381,0.6066686020000001,0.939441381,0.657224319,1.038329947,0.8594471859999999,1.8788827609999998,1.567227221,2.47221416,2.52778584,2.422769876,2.275007256,1.9777713280000002,2.4266744069999997,2.224992744,2.22445154,2.47221416,2.679452991,2.867768425,3.033343008,3.2138784069999997,3.48834446,3.8072098060000004,3.7916787610000005,3.3127669739999996,3.892790194,3.510544107,3.892790194,4.400541204,4.6511259460000005,4.845539753,4.954460247,5.686092567,6.319464601
54,20.5,18.4,12.7,1740,99843,21046,188593,1.610338181,0.6948309090000001,1.073558787,0.6485088489999999,1.4493043630000002,1.111729455,1.878727878,1.621272122,2.683896969,1.9918486069999999,3.43538812,2.779323638,3.9184895739999996,3.520476608,4.3479130889999995,3.70576485,3.9721675139999997,3.0572560010000003,3.43538812,2.96461188,3.1669984230000003,2.825645698,3.3280322410000003,3.335188365,3.7037778169999998,3.288866305,4.1868792710000005,3.520476608,2.952286665,3.335188365,2.791252847,2.733001577,2.683896969,2.594035395,3.059642544,2.547713335
55,20.5,18.4,17.8,1384,99843,21046,114978,1.365908995,0.569580464,1.15576915,0.806905657,1.6285838019999999,1.234091005,1.733653725,1.186625966,2.2064683769999998,1.946066584,3.204632643,2.610577125,3.152097682,2.895367357,3.729982257,3.275087666,3.624912334,2.895367357,3.204632643,2.610577125,3.204632643,2.847902318,3.835052179,2.80043728,3.152097682,3.085227512,3.677447295,3.227622628,2.889422875,3.227622628,3.2571676039999997,3.749738053,3.624912334,3.797203091,3.9401221019999997,4.651573787
56,20.5,15.6,14.2,860,99843,3056,132003,1.8192879830000002,0.8163458370000001,1.3514710730000001,0.768325494,1.40345073,1.104467897,1.923247296,1.6326916740000001,2.8069014589999997,2.256956137,3.4306573389999997,3.457464721,3.846494592,3.601525751,4.262331845,3.553505408,3.7425352789999997,3.889647811,4.002433562,3.1213223180000003,2.910860772,2.833200258,3.0667997419999997,2.8812206010000003,3.170759056,3.3134036910000004,3.274718369,2.9772612880000002,2.910860772,2.9772612880000002,2.910860772,3.1693426610000004,2.495023519,2.9772612880000002,2.7029421460000003,2.641118884
57,20.5,15.6,11.0,518,99843,3056,160209,1.0803356720000001,0.43699899799999997,1.0803356720000001,0.679776218,1.3375584520000001,1.213886104,2.2121159009999998,1.74799599,2.778006015,2.573438541,3.395340685,2.961882094,4.115564466,3.301770204,3.961230799,4.030101866,3.909786243,3.49599198,4.115564466,3.49599198,2.8808951260000004,3.204659315,3.08667335,2.8647712060000003,3.0352287939999996,3.107548427,3.08667335,3.350325648,3.138117906,3.107548427,3.1895624610000004,3.301770204,2.675116903,3.204659315,2.417894124,2.573438541
58,20.5,14.4,10.3,2475,99843,26150,103245,0.9172405020000001,0.36206928899999996,0.772413055,0.6724143929999999,1.206895398,1.034483682,1.496550293,1.13793205,2.220687532,2.120691548,2.703445691,2.53448502,2.94482477,3.568968702,2.317239164,3.41379615,2.462066611,3.982762175,2.896548955,5.5344876979999995,4.055168536,5.275866777,6.2758560679999995,7.189661589,7.627578914,6.827592299999999,4.489650879,3.620692886,1.689653557,0.87931113,1.30344703,0.6724143929999999,1.110343766,1.3448287859999999,1.7862051890000001,1.6034497069999998
